date,sunlight,weather
2009/8/30,0.6,雨時々曇一時晴
2009/8/31,0.0,大雨
2009/9/1,6.8,晴時々曇
2009/9/2,0.0,曇一時雨
2009/9/3,0.0,曇
2009/9/4,2.4,曇
2009/9/5,8.8,晴一時曇
2009/9/6,11.4,晴
2009/9/7,9.9,晴
2009/9/8,3.2,曇時々晴
2009/9/9,0.0,曇時々雨
2009/9/10,9.5,晴時々薄曇
2009/9/11,3.6,薄曇
2009/9/12,0.0,雨時々曇
2009/9/13,7.0,曇後晴
2009/9/14,7.4,晴後時々薄曇
2009/9/15,0.0,曇一時雨
2009/9/16,8.7,晴一時曇
2009/9/17,8.8,晴
2009/9/18,2.6,曇後一時雨
2009/9/19,0.8,曇
2009/9/20,10.5,快晴
2009/9/21,0.4,曇
2009/9/22,1.0,曇一時晴
2009/9/23,1.4,曇一時晴
2009/9/24,9.7,晴
2009/9/25,11.4,晴
2009/9/26,6.1,曇後晴
2009/9/27,0.8,曇後一時晴
2009/9/28,4.3,曇時々晴
2009/9/29,0.0,曇時々雨
2009/9/30,0.0,雨
2009/10/1,3.4,曇後晴
2009/10/2,0.0,雨後一時曇
2009/10/3,1.2,雨時々曇一時晴
2009/10/4,5.8,晴一時曇
2009/10/5,0.0,雨一時曇
2009/10/6,0.0,雨
2009/10/7,0.0,雨
2009/10/8,6.3,雨一時曇後晴
2009/10/9,6.1,晴後曇
2009/10/10,3.8,曇時々雨後晴
2009/10/11,10.9,晴
2009/10/12,6.1,晴時々曇
2009/10/13,9.2,晴一時曇
2009/10/14,1.9,晴時々曇
2009/10/15,9.9,快晴
2009/10/16,9.9,晴
2009/10/17,0.2,曇後一時雨
2009/10/18,10.1,快晴
2009/10/19,6.9,晴
2009/10/20,5.7,晴後曇
2009/10/21,9.3,晴
2009/10/22,4.6,晴後曇
2009/10/23,3.3,曇時々晴
2009/10/24,0.0,曇後一時雨
2009/10/25,0.0,雨後曇
2009/10/26,0.0,大雨
2009/10/27,9.9,快晴
2009/10/28,7.6,晴一時薄曇
2009/10/29,5.0,曇後晴
2009/10/30,8.3,晴後一時薄曇
2009/10/31,7.9,晴後一時曇
2009/11/1,4.7,曇時々晴後一時雨
2009/11/2,0.0,曇時々雨
2009/11/3,10.0,快晴
2009/11/4,7.1,晴時々曇
2009/11/5,2.0,曇一時晴
2009/11/6,9.6,快晴
2009/11/7,7.5,晴一時曇
2009/11/8,3.0,曇後晴
2009/11/9,7.0,晴後薄曇
2009/11/10,5.4,晴後曇
2009/11/11,0.0,大雨
2009/11/12,0.0,曇
2009/11/13,0.0,曇後雨
2009/11/14,0.4,雨後曇
2009/11/15,9.6,快晴
2009/11/16,1.8,曇
2009/11/17,0.0,雨
2009/11/18,6.2,曇一時雨後晴
2009/11/19,0.0,曇後雨
2009/11/20,6.5,晴後曇
2009/11/21,8.9,晴一時曇
2009/11/22,0.0,曇時々雨
2009/11/23,6.8,晴一時曇
2009/11/24,0.9,曇一時晴
2009/11/25,4.2,雨後晴
2009/11/26,7.5,晴一時曇
2009/11/27,4.5,曇一時晴
2009/11/28,7.0,晴後一時曇
2009/11/29,3.4,晴後曇
2009/11/30,0.0,曇一時雨
2009/12/1,7.7,晴時々曇
2009/12/2,8.6,晴
2009/12/3,0.0,雨
2009/12/4,8.6,晴
2009/12/5,1.0,曇後雨
2009/12/6,9.2,快晴
2009/12/7,7.9,晴一時曇
2009/12/8,9.0,晴後一時曇
2009/12/9,0.0,曇
2009/12/10,6.6,晴
2009/12/11,0.0,雨
2009/12/12,6.0,曇後晴
2009/12/13,2.2,曇後一時雨
2009/12/14,2.4,曇後晴
2009/12/15,2.8,曇一時晴
2009/12/16,0.0,曇
2009/12/17,6.4,晴一時曇
2009/12/18,9.2,快晴
2009/12/19,7.9,晴
2009/12/20,9.2,快晴
2009/12/21,8.9,快晴
2009/12/22,6.4,晴
2009/12/23,9.0,快晴
2009/12/24,8.7,晴
2009/12/25,8.0,晴一時曇
2009/12/26,4.3,曇後晴
2009/12/27,7.0,薄曇一時晴
2009/12/28,5.8,曇後晴
2009/12/29,5.2,曇後晴
2009/12/30,5.7,曇後晴
2009/12/31,7.3,晴
2010/1/1,9.2,快晴
2010/1/2,9.0,快晴
2010/1/3,6.6,曇一時晴
2010/1/4,5.2,晴一時曇
2010/1/5,8.1,晴一時曇
2010/1/6,7.3,晴
2010/1/7,8.1,晴後一時曇
2010/1/8,8.3,晴
2010/1/9,9.0,快晴
2010/1/10,9.1,快晴
2010/1/11,0.2,曇後一時晴
2010/1/12,0.0,曇後雨一時みぞれ
2010/1/13,7.0,晴一時曇
2010/1/14,9.4,快晴
2010/1/15,9.3,快晴
2010/1/16,9.4,快晴
2010/1/17,9.3,快晴
2010/1/18,7.0,晴一時曇
2010/1/19,9.3,快晴
2010/1/20,7.3,晴後薄曇
2010/1/21,0.8,曇
2010/1/22,5.9,晴後時々曇
2010/1/23,8.0,晴一時薄曇
2010/1/24,9.6,快晴
2010/1/25,8.9,晴
2010/1/26,9.7,快晴
2010/1/27,8.7,晴後一時薄曇
2010/1/28,0.9,曇後一時雨
2010/1/29,5.6,晴後時々曇
2010/1/30,7.9,晴一時曇
2010/1/31,7.8,晴時々薄曇
2010/2/1,0.8,曇後雨
2010/2/2,3.2,曇時々晴
2010/2/3,6.9,晴時々曇
2010/2/4,7.2,晴
2010/2/5,9.8,晴
2010/2/6,7.7,晴
2010/2/7,9.9,快晴
2010/2/8,7.2,晴時々薄曇
2010/2/9,7.8,晴後薄曇
2010/2/10,0.0,曇後一時雨
2010/2/11,0.0,雨時々曇
2010/2/12,0.0,曇時々雪一時雨
2010/2/13,0.0,雪後みぞれ
2010/2/14,6.6,晴後曇
2010/2/15,0.0,雨一時曇
2010/2/16,0.0,曇時々雨一時雪
2010/2/17,0.0,曇
2010/2/18,0.0,曇一時雪
2010/2/19,5.0,曇後時々晴
2010/2/20,9.2,快晴
2010/2/21,5.9,晴後時々曇
2010/2/22,1.9,曇後一時晴
2010/2/23,7.6,薄曇後晴
2010/2/24,9.7,晴一時曇
2010/2/25,8.1,晴時々薄曇
2010/2/26,0.0,曇後雨
2010/2/27,0.1,雨時々曇
2010/2/28,3.7,雨一時みぞれ後晴
2010/3/1,1.6,曇
2010/3/2,0.0,曇
2010/3/3,7.4,晴後時々曇
2010/3/4,0.0,曇後一時雨
2010/3/5,9.7,晴後一時薄曇
2010/3/6,0.0,雨後時々曇
2010/3/7,0.0,雨
2010/3/8,1.7,曇時々晴
2010/3/9,0.0,曇後雨一時みぞれ
2010/3/10,4.3,曇一時雨後晴
2010/3/11,11.1,快晴
2010/3/12,7.9,晴時々曇
2010/3/13,8.9,晴後時々薄曇
2010/3/14,9.6,晴時々薄曇
2010/3/15,1.1,曇
2010/3/16,6.4,晴時々曇
2010/3/17,5.1,曇後晴
2010/3/18,7.4,薄曇後一時晴
2010/3/19,5.0,晴一時雨
2010/3/20,10.0,晴後一時薄曇
2010/3/21,7.9,晴一時雨
2010/3/22,10.2,晴一時薄曇
2010/3/23,1.8,曇一時晴
2010/3/24,0.0,雨、あられを伴う
2010/3/25,0.0,雨
2010/3/26,1.6,曇後一時雨
2010/3/27,6.0,曇時々晴
2010/3/28,0.0,曇
2010/3/29,1.0,曇時々雨一時みぞれ
2010/3/30,10.8,晴後一時薄曇
2010/3/31,3.3,曇一時晴
2010/4/1,4.9,曇一時晴
2010/4/2,0.0,雨時々曇
2010/4/3,6.5,曇後晴
2010/4/4,1.2,曇後一時雨
2010/4/5,0.0,雨後一時曇
2010/4/6,8.0,晴時々曇
2010/4/7,0.0,曇後雨
2010/4/8,11.4,晴
2010/4/9,4.9,薄曇
2010/4/10,6.9,晴時々曇
2010/4/11,3.7,曇時々晴
2010/4/12,0.0,雨一時曇
2010/4/13,7.1,晴後薄曇
2010/4/14,5.5,晴後曇
2010/4/15,0.0,雨後一時曇
2010/4/16,0.0,雨
2010/4/17,4.2,雨一時雪後晴、あられを伴う
2010/4/18,10.0,晴後薄曇
2010/4/19,7.9,薄曇一時晴
2010/4/20,0.0,曇後雨
2010/4/21,7.2,薄曇一時晴
2010/4/22,0.0,雨
2010/4/23,0.0,雨後時々曇
2010/4/24,5.8,晴後一時曇
2010/4/25,12.2,快晴
2010/4/26,10.9,晴時々薄曇
2010/4/27,0.1,曇後雨
2010/4/28,0.0,大雨後一時曇
2010/4/29,10.4,晴一時曇
2010/4/30,11.1,晴後薄曇
2010/5/1,11.7,快晴
2010/5/2,11.4,快晴
2010/5/3,8.9,薄曇
2010/5/4,7.2,薄曇
2010/5/5,10.5,晴時々薄曇
2010/5/6,9.9,薄曇後晴
2010/5/7,0.0,曇後雨
2010/5/8,10.1,晴時々薄曇
2010/5/9,10.8,薄曇一時晴
2010/5/10,1.3,曇
2010/5/11,0.0,雨後一時曇
2010/5/12,4.9,雨一時曇後晴
2010/5/13,10.5,晴
2010/5/14,5.6,晴後曇
2010/5/15,9.5,晴後一時曇
2010/5/16,8.9,晴時々曇
2010/5/17,12.3,晴時々薄曇
2010/5/18,10.2,薄曇時々晴
2010/5/19,1.5,曇時々雨
2010/5/20,0.0,雨後一時曇
2010/5/21,12.6,快晴
2010/5/22,6.8,薄曇
2010/5/23,0.0,雨一時曇
2010/5/24,0.0,雨後一時霧雨、霧を伴う
2010/5/25,10.2,晴時々薄曇
2010/5/26,0.9,曇後一時雨
2010/5/27,4.1,曇後晴一時雨
2010/5/28,9.1,晴後一時曇
2010/5/29,0.0,曇後雨一時霧雨
2010/5/30,0.0,曇
2010/5/31,9.9,晴後時々曇
2010/6/1,12.9,晴
2010/6/2,13.4,快晴
2010/6/3,11.8,快晴
2010/6/4,12.5,晴後一時薄曇
2010/6/5,6.0,曇後晴
2010/6/6,12.7,晴後薄曇
2010/6/7,6.9,薄曇
2010/6/8,0.0,曇一時雨
2010/6/9,0.0,雨後曇
2010/6/10,12.1,晴
2010/6/11,6.1,曇後一時晴
2010/6/12,11.7,晴
2010/6/13,3.2,曇
2010/6/14,0.0,雨
2010/6/15,8.5,曇時々晴
2010/6/16,3.0,曇時々晴一時雨
2010/6/17,10.1,薄曇時々晴
2010/6/18,1.1,曇後雨
2010/6/19,2.8,曇一時雨
2010/6/20,1.9,曇
2010/6/21,4.0,曇時々晴
2010/6/22,1.6,曇
2010/6/23,0.8,雨時々曇
2010/6/24,7.2,薄曇後晴
2010/6/25,8.0,薄曇
2010/6/26,0.0,曇後時々雨
2010/6/27,0.7,曇時々雨
2010/6/28,1.3,曇後一時雨、雷を伴う
2010/6/29,0.1,曇一時雨
2010/6/30,2.1,曇後一時晴
2010/7/1,1.1,曇後一時雨
2010/7/2,4.8,薄曇後晴一時雨
2010/7/3,0.6,曇
2010/7/4,2.9,曇時々晴後一時雨
2010/7/5,2.0,曇時々晴後一時雨
2010/7/6,2.6,曇時々雨後一時晴
2010/7/7,0.2,曇時々雨
2010/7/8,10.0,晴時々薄曇
2010/7/9,0.0,曇後雨
2010/7/10,11.8,薄曇時々晴
2010/7/11,1.3,曇後雨
2010/7/12,0.7,雨時々曇
2010/7/13,0.0,曇時々雨
2010/7/14,4.9,曇時々晴
2010/7/15,3.6,曇後晴
2010/7/16,6.0,晴一時曇
2010/7/17,7.4,晴時々曇
2010/7/18,12.3,晴
2010/7/19,12.6,晴後薄曇
2010/7/20,11.5,薄曇
2010/7/21,11.4,晴一時薄曇
2010/7/22,11.3,晴
2010/7/23,10.1,晴
2010/7/24,11.9,晴
2010/7/25,8.7,晴後一時曇
2010/7/26,5.4,晴時々曇一時雨
2010/7/27,11.6,晴
2010/7/28,11.3,晴
2010/7/29,0.0,雨
2010/7/30,2.2,雨時々曇一時晴
2010/7/31,2.5,曇後一時晴
2010/8/1,8.1,薄曇後一時晴
2010/8/2,1.8,曇後一時晴
2010/8/3,10.4,晴
2010/8/4,9.3,晴一時曇
2010/8/5,12.3,晴
2010/8/6,7.7,晴一時曇
2010/8/7,11.8,晴後一時薄曇
2010/8/8,3.4,曇一時雨
2010/8/9,0.2,曇時々雨
2010/8/10,1.9,雨時々曇後晴
2010/8/11,6.1,晴時々曇
2010/8/12,4.3,曇後雨
2010/8/13,1.3,曇
2010/8/14,0.3,曇
2010/8/15,8.3,薄曇
2010/8/16,8.9,薄曇後一時晴
2010/8/17,11.0,晴
2010/8/18,4.0,曇時々晴
2010/8/19,2.1,曇後晴
2010/8/20,1.1,曇
2010/8/21,7.0,曇後晴
2010/8/22,11.4,晴
2010/8/23,10.9,晴
2010/8/24,9.7,晴一時曇
2010/8/25,9.0,晴時々曇
2010/8/26,9.8,晴一時曇
2010/8/27,9.1,晴
2010/8/28,11.3,晴時々薄曇
2010/8/29,10.8,薄曇時々晴
2010/8/30,7.9,薄曇後一時晴
2010/8/31,11.4,晴
2010/9/1,8.2,晴
2010/9/2,10.1,薄曇一時晴
2010/9/3,11.6,晴後一時薄曇
2010/9/4,11.6,晴
2010/9/5,5.5,晴時々曇
2010/9/6,8.8,晴時々薄曇
2010/9/7,8.0,薄曇
2010/9/8,0.0,大雨
2010/9/9,4.8,曇後晴
2010/9/10,7.3,曇後晴
2010/9/11,11.1,晴後一時薄曇
2010/9/12,8.0,薄曇
2010/9/13,4.3,曇時々晴一時雨
2010/9/14,3.5,晴時々曇一時雨
2010/9/15,0.7,曇一時雨
2010/9/16,0.0,大雨一時曇
2010/9/17,7.6,曇後晴
2010/9/18,8.5,晴後一時薄曇
2010/9/19,7.2,薄曇時々晴
2010/9/20,0.4,曇時々晴一時雨
2010/9/21,9.6,薄曇後晴
2010/9/22,10.9,晴一時薄曇
2010/9/23,0.0,大雨一時曇、雷を伴う
2010/9/24,0.0,曇一時雨
2010/9/25,5.3,雨一時曇後晴
2010/9/26,7.9,晴後曇
2010/9/27,0.0,雨
2010/9/28,0.1,雨後時々曇、雷を伴う
2010/9/29,4.3,曇一時晴
2010/9/30,0.0,雨一時曇
2010/10/1,3.2,曇後晴
2010/10/2,6.8,晴
2010/10/3,6.4,曇時々晴
2010/10/4,0.0,曇
2010/10/5,4.4,曇時々晴
2010/10/6,7.7,晴
2010/10/7,3.8,曇時々晴
2010/10/8,4.4,晴時々曇
2010/10/9,0.0,雨
2010/10/10,1.6,雨後曇一時晴
2010/10/11,10.7,晴
2010/10/12,2.4,曇時々晴一時雨
2010/10/13,3.1,曇後晴一時雨
2010/10/14,1.3,曇後一時晴
2010/10/15,1.1,曇一時雨後晴
2010/10/16,5.1,曇後晴
2010/10/17,0.5,曇
2010/10/18,4.6,薄曇時々晴
2010/10/19,0.1,曇
2010/10/20,0.0,雨後曇
2010/10/21,0.0,雨
2010/10/22,0.0,曇
2010/10/23,7.3,晴後薄曇
2010/10/24,0.1,曇後一時雨
2010/10/25,0.7,曇時々雨
2010/10/26,0.0,曇時々雨
2010/10/27,6.0,晴時々曇
2010/10/28,0.0,雨一時曇
2010/10/29,0.0,曇
2010/10/30,0.0,大雨
2010/10/31,0.1,曇時々雨
2010/11/1,2.3,曇時々雨後晴
2010/11/2,6.6,薄曇一時晴
2010/11/3,8.7,快晴
2010/11/4,3.1,曇後晴
2010/11/5,9.7,快晴
2010/11/6,9.0,晴
2010/11/7,2.5,曇後晴
2010/11/8,7.4,晴
2010/11/9,9.6,快晴
2010/11/10,9.6,晴
2010/11/11,8.7,晴
2010/11/12,7.1,晴
2010/11/13,2.5,薄曇
2010/11/14,0.1,曇
2010/11/15,1.1,曇後時々雨
2010/11/16,8.1,晴後時々薄曇
2010/11/17,0.0,雨時々曇
2010/11/18,5.3,晴時々曇
2010/11/19,6.7,晴後一時曇
2010/11/20,5.7,晴時々曇
2010/11/21,2.4,曇一時晴
2010/11/22,0.0,曇時々雨
2010/11/23,1.7,雨後曇
2010/11/24,5.9,薄曇時々晴
2010/11/25,3.9,薄曇
2010/11/26,0.5,曇
2010/11/27,7.1,晴時々曇
2010/11/28,8.5,晴後薄曇
2010/11/29,8.8,快晴
2010/11/30,6.3,薄曇時々晴
2010/12/1,6.7,薄曇
2010/12/2,4.8,晴後曇
2010/12/3,5.3,大雨後晴、雷を伴う
2010/12/4,9.3,快晴
2010/12/5,9.1,快晴
2010/12/6,6.1,曇後晴
2010/12/7,2.6,曇
2010/12/8,6.8,晴一時雨
2010/12/9,8.3,快晴
2010/12/10,9.0,快晴
2010/12/11,8.9,晴
2010/12/12,7.6,晴後一時曇
2010/12/13,0.0,曇後雨
2010/12/14,0.0,曇時々雨
2010/12/15,5.7,晴後曇
2010/12/16,0.0,曇一時雨
2010/12/17,8.8,晴
2010/12/18,9.1,快晴
2010/12/19,3.4,曇一時晴
2010/12/20,6.9,曇後晴
2010/12/21,1.4,曇
2010/12/22,5.0,晴時々曇
2010/12/23,9.2,快晴
2010/12/24,7.5,晴
2010/12/25,9.0,快晴
2010/12/26,8.2,晴
2010/12/27,9.0,快晴
2010/12/28,8.6,晴
2010/12/29,8.1,晴後一時薄曇
2010/12/30,1.8,曇時々晴
2010/12/31,8.7,晴
2011/1/1,7.9,晴後一時曇
2011/1/2,8.4,薄曇後晴
2011/1/3,5.2,晴後一時曇
2011/1/4,8.4,晴
2011/1/5,7.4,晴後薄曇
2011/1/6,6.7,晴
2011/1/7,9.2,快晴
2011/1/8,9.2,快晴
2011/1/9,9.1,快晴
2011/1/10,9.2,快晴
2011/1/11,6.7,晴後曇
2011/1/12,8.4,快晴
2011/1/13,8.6,快晴
2011/1/14,9.1,快晴
2011/1/15,1.1,薄曇
2011/1/16,8.2,晴
2011/1/17,8.7,快晴
2011/1/18,9.4,快晴
2011/1/19,9.3,快晴
2011/1/20,9.4,快晴
2011/1/21,9.3,晴
2011/1/22,9.4,快晴
2011/1/23,6.3,晴後薄曇
2011/1/24,3.5,曇後晴
2011/1/25,8.6,快晴
2011/1/26,7.3,晴
2011/1/27,8.0,晴
2011/1/28,9.3,晴
2011/1/29,7.8,薄曇時々晴
2011/1/30,5.1,晴時々曇一時雪
2011/1/31,9.7,快晴
2011/2/1,9.6,快晴
2011/2/2,2.2,曇一時晴
2011/2/3,9.6,快晴
2011/2/4,9.6,快晴
2011/2/5,4.7,薄曇時々晴
2011/2/6,3.8,晴後曇
2011/2/7,9.4,快晴
2011/2/8,0.5,曇
2011/2/9,5.2,みぞれ後晴
2011/2/10,5.5,曇時々晴
2011/2/11,0.0,雪
2011/2/12,0.1,曇後みぞれ一時雪
2011/2/13,9.8,快晴
2011/2/14,0.4,曇時々雨一時雪
2011/2/15,8.0,晴一時雨
2011/2/16,9.8,快晴
2011/2/17,1.8,曇
2011/2/18,5.0,雨一時曇後晴
2011/2/19,0.3,曇
2011/2/20,0.0,曇
2011/2/21,3.6,曇後晴
2011/2/22,10.3,晴
2011/2/23,9.4,快晴
2011/2/24,0.5,雨時々曇
2011/2/25,10.1,晴後一時薄曇
2011/2/26,10.6,快晴
2011/2/27,9.1,晴後一時曇
2011/2/28,0.0,雨後一時みぞれ、あられを伴う
2011/3/1,0.0,曇時々雨
2011/3/2,1.5,曇一時雨
2011/3/3,7.8,晴後曇
2011/3/4,9.4,晴後一時曇
2011/3/5,10.6,晴後一時薄曇
2011/3/6,6.8,薄曇時々晴
2011/3/7,0.0,雨時々みぞれ一時雪
2011/3/8,3.5,曇時々晴
2011/3/9,9.8,晴
2011/3/10,9.2,晴後一時曇
2011/3/11,7.8,晴一時曇
2011/3/12,9.9,晴時々薄曇
2011/3/13,11.0,快晴
2011/3/14,7.6,薄曇
2011/3/15,0.5,曇
2011/3/16,7.9,晴時々曇
2011/3/17,9.2,晴
2011/3/18,11.3,晴
2011/3/19,8.4,晴一時曇
2011/3/20,6.0,曇時々晴
2011/3/21,0.0,雨
2011/3/22,0.0,雨
2011/3/23,1.8,曇時々雨
2011/3/24,4.0,曇後時々晴
2011/3/25,8.7,晴後一時曇
2011/3/26,11.7,快晴
2011/3/27,9.0,晴
2011/3/28,11.4,快晴
2011/3/29,11.5,快晴
2011/3/30,10.6,晴
2011/3/31,7.9,晴後一時雨
2011/4/1,11.8,快晴
2011/4/2,3.4,薄曇後時々晴
2011/4/3,0.0,曇
2011/4/4,10.8,晴
2011/4/5,12.0,快晴
2011/4/6,12.0,快晴
2011/4/7,5.3,曇後一時晴
2011/4/8,1.6,曇
2011/4/9,0.0,曇時々雨
2011/4/10,5.4,曇時々晴
2011/4/11,5.9,曇時々晴後一時雨
2011/4/12,11.7,快晴
2011/4/13,11.9,快晴
2011/4/14,12.0,快晴
2011/4/15,8.1,晴後曇
2011/4/16,6.7,薄曇時々晴後一時雨
2011/4/17,9.3,晴後薄曇
2011/4/18,1.1,曇
2011/4/19,2.9,曇時々雨一時晴
2011/4/20,8.1,晴後時々曇
2011/4/21,2.1,曇一時晴
2011/4/22,1.4,曇後一時雨
2011/4/23,0.3,雨
2011/4/24,11.9,晴
2011/4/25,8.3,晴一時曇
2011/4/26,9.6,晴後一時薄曇
2011/4/27,8.2,晴後曇
2011/4/28,7.8,晴
2011/4/29,7.6,晴後一時雨
2011/4/30,6.8,薄曇一時晴
2011/5/1,0.5,曇後時々雨
2011/5/2,9.4,薄曇後一時晴
2011/5/3,0.1,曇後雨
2011/5/4,10.5,晴後一時薄曇
2011/5/5,0.1,曇
2011/5/6,1.4,曇
2011/5/7,0.0,雨時々曇
2011/5/8,11.2,晴
2011/5/9,7.9,薄曇一時晴
2011/5/10,0.8,曇後雨
2011/5/11,0.0,雨
2011/5/12,0.0,雨一時曇
2011/5/13,2.9,曇後一時晴
2011/5/14,9.2,晴後一時雨
2011/5/15,11.2,晴後薄曇
2011/5/16,2.7,薄曇
2011/5/17,0.5,曇後雨、雷を伴う
2011/5/18,12.2,晴
2011/5/19,12.7,快晴
2011/5/20,12.2,晴一時薄曇
2011/5/21,11.8,晴
2011/5/22,7.2,曇後雨
2011/5/23,0.0,曇時々雨
2011/5/24,3.2,雨後晴
2011/5/25,11.3,薄曇一時晴
2011/5/26,1.6,曇
2011/5/27,0.0,曇一時雨
2011/5/28,0.0,雨
2011/5/29,0.0,大雨
2011/5/30,1.3,雨後曇
2011/5/31,4.4,曇一時晴
2011/6/1,0.4,曇
2011/6/2,0.0,雨
2011/6/3,7.8,薄曇
2011/6/4,10.9,晴後一時薄曇
2011/6/5,3.1,曇
2011/6/6,11.4,晴
2011/6/7,0.5,曇
2011/6/8,1.6,雨後曇
2011/6/9,7.3,曇時々晴
2011/6/10,0.5,曇
2011/6/11,0.1,雨後曇
2011/6/12,0.3,曇
2011/6/13,0.0,曇時々雨
2011/6/14,0.6,曇
2011/6/15,1.7,曇
2011/6/16,0.0,曇時々雨
2011/6/17,0.0,雨後一時曇
2011/6/18,0.0,曇後雨
2011/6/19,0.2,曇
2011/6/20,1.7,曇後時々雨
2011/6/21,5.3,薄曇一時雨
2011/6/22,12.4,晴後一時曇
2011/6/23,4.0,曇時々雨
2011/6/24,7.1,薄曇
2011/6/25,3.5,曇後一時雨
2011/6/26,0.0,曇
2011/6/27,0.0,曇時々雨
2011/6/28,7.9,曇後晴
2011/6/29,11.5,晴
2011/6/30,5.3,晴後一時雨、雷を伴う
2011/7/1,6.0,曇後一時雨、雷を伴う
2011/7/2,2.2,曇後一時晴
2011/7/3,6.6,薄曇
2011/7/4,6.9,薄曇一時晴
2011/7/5,6.8,晴時々曇
2011/7/6,10.4,薄曇一時晴
2011/7/7,1.9,曇
2011/7/8,0.0,曇一時雨
2011/7/9,8.3,曇後晴
2011/7/10,13.3,快晴
2011/7/11,12.7,晴
2011/7/12,10.5,晴一時曇
2011/7/13,11.3,晴
2011/7/14,11.3,晴
2011/7/15,13.4,快晴
2011/7/16,13.1,晴
2011/7/17,13.5,快晴
2011/7/18,5.3,曇後一時雨
2011/7/19,0.0,雨時々曇
2011/7/20,0.0,雨後一時曇
2011/7/21,2.9,雨後曇
2011/7/22,5.0,曇時々晴
2011/7/23,1.8,曇
2011/7/24,7.9,曇一時晴
2011/7/25,9.3,薄曇一時晴
2011/7/26,1.9,曇一時晴
2011/7/27,1.5,曇一時雨
2011/7/28,0.1,曇一時雨
2011/7/29,0.3,雨後曇
2011/7/30,2.0,曇一時晴
2011/7/31,0.0,曇一時雨
2011/8/1,0.3,曇
2011/8/2,1.6,曇
2011/8/3,0.9,曇後時々雨
2011/8/4,5.5,曇時々晴一時雨
2011/8/5,3.4,晴一時曇
2011/8/6,6.4,曇後一時雨
2011/8/7,7.2,薄曇後一時雨、雷を伴う
2011/8/8,9.4,晴後薄曇
2011/8/9,9.9,晴時々薄曇
2011/8/10,12.4,晴
2011/8/11,8.4,晴後一時雨、雷を伴う
2011/8/12,6.6,晴
2011/8/13,9.7,晴後薄曇
2011/8/14,6.5,曇後晴
2011/8/15,9.4,晴
2011/8/16,7.6,晴後時々薄曇
2011/8/17,8.7,晴時々薄曇
2011/8/18,10.8,晴後薄曇
2011/8/19,0.3,大雨一時曇、雷を伴う
2011/8/20,0.0,曇
2011/8/21,0.0,雨
2011/8/22,0.0,雨時々曇
2011/8/23,4.8,曇一時霧雨後晴
2011/8/24,6.0,曇後晴
2011/8/25,0.4,雨後曇
2011/8/26,3.6,曇後大雨、雷を伴う
2011/8/27,0.1,曇
2011/8/28,8.6,晴
2011/8/29,7.4,晴時々曇
2011/8/30,10.9,晴後一時曇
2011/8/31,2.1,曇
2011/9/1,0.8,曇
2011/9/2,4.1,曇時々雨一時晴
2011/9/3,2.2,曇一時雨
2011/9/4,3.0,曇一時雨
2011/9/5,1.1,曇一時雨
2011/9/6,1.9,曇時々晴後一時雨
2011/9/7,9.2,晴一時曇
2011/9/8,10.4,曇後晴
2011/9/9,6.0,晴時々曇
2011/9/10,9.9,晴
2011/9/11,6.1,薄曇時々晴
2011/9/12,10.7,晴
2011/9/13,10.4,晴
2011/9/14,8.3,晴
2011/9/15,8.2,晴
2011/9/16,6.3,薄曇時々晴
2011/9/17,4.5,曇後一時晴
2011/9/18,11.3,晴
2011/9/19,3.5,曇時々晴
2011/9/20,0.0,雨時々曇
2011/9/21,0.0,暴風雨
2011/9/22,5.7,晴後雨
2011/9/23,0.8,曇後一時晴
2011/9/24,8.8,晴後一時曇
2011/9/25,3.9,曇後一時晴
2011/9/26,0.0,曇後雨
2011/9/27,4.4,曇後一時晴
2011/9/28,8.8,晴一時薄曇
2011/9/29,9.5,晴
2011/9/30,6.0,晴時々曇
2011/10/1,1.5,曇一時晴
2011/10/2,0.0,曇
2011/10/3,5.6,晴一時曇
2011/10/4,9.9,晴後一時曇
2011/10/5,0.0,雨
2011/10/6,5.8,晴一時雨
2011/10/7,10.8,晴
2011/10/8,6.3,晴時々曇
2011/10/9,4.5,晴時々曇
2011/10/10,5.9,晴一時曇
2011/10/11,3.3,薄曇
2011/10/12,6.7,晴一時薄曇
2011/10/13,0.9,曇
2011/10/14,5.5,晴後曇
2011/10/15,0.3,曇時々雨
2011/10/16,6.2,曇後晴
2011/10/17,4.9,曇後一時晴
2011/10/18,3.5,曇後晴
2011/10/19,0.0,曇
2011/10/20,1.3,曇
2011/10/21,0.0,曇後時々雨
2011/10/22,0.1,曇時々雨
2011/10/23,2.8,曇後一時晴
2011/10/24,0.9,曇一時晴
2011/10/25,5.9,曇後時々晴
2011/10/26,9.2,晴
2011/10/27,9.8,快晴
2011/10/28,9.4,晴
2011/10/29,9.3,晴
2011/10/30,3.3,曇後一時雨
2011/10/31,7.7,晴一時雨
2011/11/1,9.0,晴
2011/11/2,7.6,晴後薄曇
2011/11/3,0.7,曇
2011/11/4,6.3,晴一時曇
2011/11/5,2.6,曇一時晴
2011/11/6,0.0,曇後時々雨
2011/11/7,7.2,晴後一時曇
2011/11/8,3.2,曇一時晴
2011/11/9,1.9,曇一時晴
2011/11/10,0.4,曇
2011/11/11,0.0,雨
2011/11/12,6.3,曇時々晴
2011/11/13,8.6,晴一時薄曇
2011/11/14,3.6,晴時々曇
2011/11/15,1.8,曇後時々晴
2011/11/16,8.7,晴後一時曇
2011/11/17,9.4,晴
2011/11/18,1.1,曇後一時晴
2011/11/19,0.0,大雨
2011/11/20,5.4,晴時々曇一時雨、雷を伴う
2011/11/21,5.9,晴
2011/11/22,7.7,晴一時曇
2011/11/23,8.6,晴後一時曇
2011/11/24,7.4,晴
2011/11/25,9.4,快晴
2011/11/26,8.3,晴後一時曇
2011/11/27,5.6,薄曇
2011/11/28,0.0,曇
2011/11/29,1.0,曇
2011/11/30,5.7,晴時々曇
2011/12/1,0.0,雨後時々曇
2011/12/2,0.0,雨後曇
2011/12/3,0.5,大雨後曇
2011/12/4,9.3,快晴
2011/12/5,9.2,晴
2011/12/6,0.0,曇後雨
2011/12/7,8.1,晴時々薄曇
2011/12/8,0.0,曇後雨
2011/12/9,2.5,雨後晴、あられを伴う
2011/12/10,9.1,晴
2011/12/11,9.1,快晴
2011/12/12,9.0,晴
2011/12/13,8.9,快晴
2011/12/14,0.0,曇一時雨
2011/12/15,8.9,快晴
2011/12/16,6.2,晴後一時曇
2011/12/17,9.1,快晴
2011/12/18,9.0,晴
2011/12/19,8.4,晴
2011/12/20,8.7,快晴
2011/12/21,5.2,曇後晴
2011/12/22,0.1,曇
2011/12/23,3.4,晴時々曇
2011/12/24,7.4,晴一時曇
2011/12/25,6.0,晴後時々曇
2011/12/26,8.2,晴
2011/12/27,9.0,快晴
2011/12/28,7.8,薄曇後晴
2011/12/29,8.9,快晴
2011/12/30,9.1,快晴
2011/12/31,6.5,晴
2012/1/1,3.3,曇
2012/1/2,4.6,曇後晴
2012/1/3,5.2,晴時々曇
2012/1/4,7.7,晴後一時曇
2012/1/5,9.2,快晴
2012/1/6,5.9,晴一時曇
2012/1/7,9.1,快晴
2012/1/8,8.2,晴一時曇
2012/1/9,9.0,快晴
2012/1/10,7.6,薄曇一時晴
2012/1/11,4.7,曇時々晴
2012/1/12,6.1,晴後時々曇
2012/1/13,9.3,晴
2012/1/14,6.2,晴
2012/1/15,1.3,曇
2012/1/16,0.0,曇
2012/1/17,6.3,曇後晴
2012/1/18,8.3,晴後薄曇
2012/1/19,3.6,曇
2012/1/20,0.0,みぞれ後一時雨
2012/1/21,0.0,雨時々みぞれ
2012/1/22,0.6,雨後曇
2012/1/23,0.0,雨時々曇
2012/1/24,5.6,晴後一時曇
2012/1/25,8.5,晴後一時曇
2012/1/26,9.7,快晴
2012/1/27,8.2,晴
2012/1/28,7.4,晴
2012/1/29,8.4,晴一時曇
2012/1/30,9.4,晴
2012/1/31,9.6,晴
2012/2/1,6.2,晴後一時曇
2012/2/2,8.7,晴
2012/2/3,9.5,快晴
2012/2/4,9.8,快晴
2012/2/5,3.5,晴時々曇
2012/2/6,0.0,雨時々曇
2012/2/7,0.0,雨後曇
2012/2/8,0.3,曇
2012/2/9,9.5,晴
2012/2/10,8.4,晴
2012/2/11,7.2,晴後一時曇
2012/2/12,9.9,快晴
2012/2/13,2.7,曇
2012/2/14,0.0,雨一時曇
2012/2/15,0.6,曇
2012/2/16,0.0,曇後時々雨、あられを伴う
2012/2/17,5.9,晴時々曇
2012/2/18,9.8,快晴
2012/2/19,8.7,晴
2012/2/20,10.0,晴
2012/2/21,10.1,晴
2012/2/22,3.1,晴後曇
2012/2/23,2.7,雨後晴
2012/2/24,7.7,晴時々曇
2012/2/25,0.0,雨後曇
2012/2/26,0.4,曇
2012/2/27,5.7,晴後一時曇
2012/2/28,8.2,薄曇一時晴
2012/2/29,0.0,雪後時々雨一時曇
2012/3/1,3.1,曇時々晴
2012/3/2,0.0,雨一時曇
2012/3/3,6.4,晴時々曇
2012/3/4,0.0,曇
2012/3/5,0.0,大雨後一時曇
2012/3/6,4.2,曇一時雨後晴
2012/3/7,0.3,曇
2012/3/8,0.0,雨後曇
2012/3/9,0.0,雨
2012/3/10,0.1,雨時々みぞれ後一時曇
2012/3/11,4.9,晴時々曇
2012/3/12,7.4,晴一時曇
2012/3/13,10.6,晴
2012/3/14,9.3,晴
2012/3/15,11.2,晴
2012/3/16,9.2,薄曇一時晴
2012/3/17,0.0,雨
2012/3/18,0.0,曇後時々雨
2012/3/19,6.5,晴後曇
2012/3/20,8.7,晴後一時薄曇
2012/3/21,10.2,快晴
2012/3/22,3.5,曇
2012/3/23,0.0,雨一時曇
2012/3/24,1.8,雨後一時晴
2012/3/25,8.1,晴一時曇
2012/3/26,7.2,晴後曇
2012/3/27,11.9,快晴
2012/3/28,8.8,晴後一時雨
2012/3/29,11.9,快晴
2012/3/30,3.7,曇後一時晴
2012/3/31,0.7,雨時々曇
2012/4/1,9.3,晴
2012/4/2,11.0,晴
2012/4/3,2.0,曇後雨
2012/4/4,10.7,晴
2012/4/5,10.2,晴一時薄曇
2012/4/6,8.0,晴時々曇
2012/4/7,7.9,晴後時々曇
2012/4/8,9.9,晴
2012/4/9,11.0,晴後一時薄曇
2012/4/10,9.1,薄曇
2012/4/11,0.0,雨時々曇
2012/4/12,11.7,晴後一時薄曇
2012/4/13,5.6,曇
2012/4/14,0.0,雨
2012/4/15,8.9,薄曇一時晴
2012/4/16,5.1,薄曇
2012/4/17,3.0,曇後時々雨、雷を伴う
2012/4/18,7.6,晴後一時曇
2012/4/19,1.0,曇一時晴
2012/4/20,0.3,曇一時雨
2012/4/21,0.0,曇
2012/4/22,0.0,曇時々雨
2012/4/23,0.0,雨
2012/4/24,8.2,晴一時曇
2012/4/25,4.1,曇一時晴
2012/4/26,0.1,雨時々曇
2012/4/27,0.0,雨後一時霧雨
2012/4/28,7.7,曇後晴
2012/4/29,9.7,晴後薄曇
2012/4/30,0.3,曇
2012/5/1,2.3,曇時々雨
2012/5/2,0.0,雨一時曇
2012/5/3,0.0,大雨
2012/5/4,1.2,曇時々雨
2012/5/5,12.3,晴
2012/5/6,7.6,晴後一時雨、雷を伴う
2012/5/7,11.3,晴一時薄曇
2012/5/8,7.1,晴後薄曇
2012/5/9,0.0,曇後雨、雷を伴う
2012/5/10,7.6,晴後曇一時雨、雷を伴う
2012/5/11,11.9,晴後時々薄曇
2012/5/12,8.4,晴一時曇
2012/5/13,10.8,晴後曇
2012/5/14,11.8,薄曇後一時晴
2012/5/15,0.0,雨一時曇
2012/5/16,8.2,晴一時曇
2012/5/17,3.6,曇後一時晴
2012/5/18,7.3,晴時々曇一時雨、雷を伴う
2012/5/19,11.6,晴後一時薄曇
2012/5/20,5.3,薄曇
2012/5/21,6.9,曇
2012/5/22,0.0,雨、雷を伴う
2012/5/23,8.3,曇時々晴
2012/5/24,9.3,薄曇一時晴
2012/5/25,0.1,曇時々雨
2012/5/26,5.9,薄曇
2012/5/27,12.5,晴
2012/5/28,7.9,晴後一時雨、雷を伴う
2012/5/29,6.0,晴時々曇
2012/5/30,6.0,晴時々薄曇
2012/5/31,4.2,薄曇
2012/6/1,2.6,曇時々晴一時雨、雷を伴う
2012/6/2,7.9,薄曇一時晴
2012/6/3,2.8,曇後一時晴
2012/6/4,9.9,晴後薄曇
2012/6/5,0.0,曇
2012/6/6,0.0,雨後曇
2012/6/7,9.0,薄曇
2012/6/8,9.5,晴時々薄曇
2012/6/9,0.0,雨
2012/6/10,5.6,曇時々晴一時雨
2012/6/11,0.3,曇
2012/6/12,0.0,曇後雨
2012/6/13,1.2,曇
2012/6/14,8.5,曇後晴
2012/6/15,7.3,薄曇一時晴
2012/6/16,0.0,雨時々曇
2012/6/17,3.4,曇一時雨
2012/6/18,5.1,曇後晴
2012/6/19,0.0,曇後雨
2012/6/20,4.9,曇
2012/6/21,0.2,雨時々曇
2012/6/22,0.1,雨後曇
2012/6/23,1.8,曇
2012/6/24,3.9,曇一時晴
2012/6/25,0.4,曇
2012/6/26,12.9,晴
2012/6/27,11.2,薄曇
2012/6/28,3.2,曇
2012/6/29,5.6,曇後晴
2012/6/30,8.0,晴後時々薄曇
2012/7/1,0.6,雨時々曇
2012/7/2,3.9,曇時々雨後晴
2012/7/3,1.3,曇後雨
2012/7/4,9.9,晴
2012/7/5,1.6,曇
2012/7/6,0.3,曇後時々雨
2012/7/7,0.0,雨時々曇一時霧雨
2012/7/8,4.3,曇一時雨
2012/7/9,12.1,晴
2012/7/10,11.7,晴
2012/7/11,11.9,薄曇時々晴
2012/7/12,0.0,雨時々曇
2012/7/13,3.0,曇一時晴
2012/7/14,5.5,曇時々晴
2012/7/15,7.8,曇時々晴
2012/7/16,9.4,薄曇後時々晴
2012/7/17,10.1,晴後一時薄曇
2012/7/18,7.7,薄曇
2012/7/19,8.1,薄曇時々晴
2012/7/20,0.0,曇後時々雨
2012/7/21,0.0,曇時々雨
2012/7/22,0.0,曇
2012/7/23,3.6,曇時々晴
2012/7/24,1.5,曇後一時雨
2012/7/25,6.8,薄曇時々晴
2012/7/26,8.9,晴
2012/7/27,9.3,晴時々曇
2012/7/28,9.5,晴
2012/7/29,9.8,薄曇一時晴
2012/7/30,12.2,晴
2012/7/31,10.5,晴
2012/8/1,5.9,曇時々晴
2012/8/2,9.6,晴
2012/8/3,8.1,晴時々曇
2012/8/4,2.6,曇後一時雨
2012/8/5,10.3,晴
2012/8/6,1.6,曇時々雨、雷を伴う
2012/8/7,7.6,晴後時々曇
2012/8/8,6.6,晴一時曇
2012/8/9,7.9,晴
2012/8/10,5.9,薄曇
2012/8/11,2.2,曇
2012/8/12,4.2,曇後晴
2012/8/13,9.4,晴後一時薄曇
2012/8/14,2.2,曇時々雨
2012/8/15,3.1,曇
2012/8/16,7.0,曇時々晴
2012/8/17,8.3,晴時々薄曇
2012/8/18,2.3,曇一時雨、雷を伴う
2012/8/19,11.5,晴
2012/8/20,9.4,晴
2012/8/21,11.8,快晴
2012/8/22,11.0,晴
2012/8/23,11.7,晴
2012/8/24,10.6,晴
2012/8/25,9.3,晴
2012/8/26,10.2,晴後一時薄曇
2012/8/27,10.9,晴
2012/8/28,9.6,薄曇後時々晴
2012/8/29,7.4,薄曇
2012/8/30,9.9,晴一時薄曇
2012/8/31,7.9,晴
2012/9/1,4.3,曇時々雨
2012/9/2,2.3,曇時々雨、雷を伴う
2012/9/3,2.8,曇
2012/9/4,4.6,曇後晴
2012/9/5,8.1,薄曇時々晴
2012/9/6,3.5,曇後一時雨、雷を伴う
2012/9/7,6.4,晴
2012/9/8,6.0,晴時々曇
2012/9/9,10.2,晴
2012/9/10,9.7,晴時々薄曇
2012/9/11,9.9,晴
2012/9/12,9.4,晴時々薄曇
2012/9/13,11.4,晴一時薄曇
2012/9/14,9.2,晴
2012/9/15,8.5,晴時々曇
2012/9/16,4.6,曇後晴
2012/9/17,4.8,晴時々雨
2012/9/18,4.6,曇時々晴
2012/9/19,0.4,曇時々雨
2012/9/20,9.5,晴
2012/9/21,2.0,曇時々雨、雷を伴う
2012/9/22,1.3,曇一時雨
2012/9/23,0.0,大雨
2012/9/24,7.5,晴後一時曇
2012/9/25,0.0,曇
2012/9/26,7.0,薄曇
2012/9/27,4.1,曇
2012/9/28,0.1,曇時々雨
2012/9/29,6.0,晴時々曇
2012/9/30,6.2,薄曇後一時雨
2012/10/1,11.1,快晴
2012/10/2,1.7,晴時々曇
2012/10/3,0.0,雨時々曇
2012/10/4,6.1,晴一時雨
2012/10/5,7.4,晴後一時薄曇
2012/10/6,4.2,曇後晴
2012/10/7,2.1,雨後晴時々曇
2012/10/8,6.0,晴後時々曇
2012/10/9,2.5,曇後時々晴
2012/10/10,4.0,晴時々曇
2012/10/11,4.8,晴時々曇
2012/10/12,6.1,晴後薄曇
2012/10/13,9.4,薄曇時々晴
2012/10/14,0.2,曇時々雨
2012/10/15,6.8,晴後一時曇
2012/10/16,9.6,晴
2012/10/17,2.8,曇一時雨
2012/10/18,0.0,雨時々曇
2012/10/19,8.2,晴一時曇
2012/10/20,7.2,晴
2012/10/21,9.9,快晴
2012/10/22,5.5,晴一時薄曇
2012/10/23,1.2,曇時々雨
2012/10/24,9.7,晴
2012/10/25,0.8,曇後一時晴
2012/10/26,9.0,晴後一時薄曇
2012/10/27,5.1,晴時々曇
2012/10/28,0.5,曇時々雨
2012/10/29,9.2,晴
2012/10/30,1.5,曇後一時晴
2012/10/31,4.0,晴時々曇
2012/11/1,9.4,晴
2012/11/2,9.0,晴
2012/11/3,4.2,曇後晴
2012/11/4,9.6,晴後一時薄曇
2012/11/5,0.1,曇
2012/11/6,0.0,大雨後一時曇
2012/11/7,7.9,晴
2012/11/8,7.1,晴
2012/11/9,3.5,曇後時々晴
2012/11/10,9.7,快晴
2012/11/11,0.2,曇後一時雨
2012/11/12,2.9,霧雨時々曇後晴
2012/11/13,3.5,晴時々曇
2012/11/14,8.4,晴後一時曇
2012/11/15,8.6,薄曇時々晴
2012/11/16,9.6,快晴
2012/11/17,0.0,曇後雨
2012/11/18,9.5,快晴
2012/11/19,0.4,曇後一時晴
2012/11/20,9.2,晴後一時薄曇
2012/11/21,9.2,晴
2012/11/22,3.0,曇後一時晴
2012/11/23,0.0,雨時々曇
2012/11/24,3.9,曇一時雨後晴
2012/11/25,8.8,晴後一時薄曇
2012/11/26,0.0,雨一時曇
2012/11/27,9.1,快晴
2012/11/28,0.3,曇時々雨
2012/11/29,5.9,曇一時晴
2012/11/30,0.3,曇
2012/12/1,2.5,曇時々雨後晴
2012/12/2,4.4,晴後曇
2012/12/3,0.0,曇
2012/12/4,0.3,曇時々雨後晴
2012/12/5,7.6,晴後時々曇
2012/12/6,8.6,晴
2012/12/7,8.5,晴
2012/12/8,8.8,快晴
2012/12/9,8.5,晴
2012/12/10,8.2,晴
2012/12/11,8.7,晴
2012/12/12,8.2,晴
2012/12/13,9.0,快晴
2012/12/14,7.4,薄曇時々晴
2012/12/15,0.0,曇時々雨
2012/12/16,8.9,快晴
2012/12/17,0.0,曇時々雨
2012/12/18,5.4,曇時々晴
2012/12/19,6.4,晴時々曇
2012/12/20,7.7,晴
2012/12/21,3.9,曇一時晴
2012/12/22,1.2,雨後一時晴
2012/12/23,0.6,曇後一時晴
2012/12/24,8.6,晴
2012/12/25,9.0,快晴
2012/12/26,8.9,晴
2012/12/27,8.8,晴
2012/12/28,0.0,曇後時々雨
2012/12/29,6.3,晴時々曇
2012/12/30,0.0,雨
2012/12/31,0.5,曇後晴
2013/1/1,8.9,晴
2013/1/2,8.8,快晴
2013/1/3,6.1,曇時々晴
2013/1/4,9.0,快晴
2013/1/5,0.9,曇
2013/1/6,5.3,薄曇一時晴
2013/1/7,4.4,晴時々曇
2013/1/8,7.6,晴
2013/1/9,6.0,晴時々曇
2013/1/10,7.3,晴
2013/1/11,9.0,快晴
2013/1/12,6.2,晴一時曇
2013/1/13,8.4,晴時々薄曇
2013/1/14,0.0,雪一時雨
2013/1/15,8.1,晴後一時薄曇
2013/1/16,2.8,曇後晴
2013/1/17,7.8,晴時々薄曇
2013/1/18,9.3,快晴
2013/1/19,9.3,快晴
2013/1/20,9.0,快晴
2013/1/21,6.8,薄曇
2013/1/22,2.6,雨後晴
2013/1/23,4.1,曇
2013/1/24,4.7,曇時々晴
2013/1/25,6.4,晴後一時曇
2013/1/26,7.6,晴一時曇
2013/1/27,9.6,快晴
2013/1/28,8.1,晴一時雪
2013/1/29,9.5,快晴
2013/1/30,9.6,快晴
2013/1/31,9.3,晴一時薄曇
2013/2/1,6.4,晴後曇
2013/2/2,4.2,曇一時雨
2013/2/3,9.6,晴
2013/2/4,5.2,晴時々曇一時雨
2013/2/5,5.6,曇時々晴
2013/2/6,0.0,みぞれ時々雪後雨
2013/2/7,6.6,薄曇時々晴
2013/2/8,4.4,曇後晴
2013/2/9,8.9,薄曇
2013/2/10,9.8,晴
2013/2/11,9.2,晴
2013/2/12,0.9,曇後一時雨
2013/2/13,9.9,晴一時曇
2013/2/14,2.6,曇後時々晴
2013/2/15,0.0,曇後雨
2013/2/16,10.0,快晴
2013/2/17,7.7,晴時々薄曇
2013/2/18,0.0,雨時々曇
2013/2/19,0.0,雪時々曇
2013/2/20,7.0,曇後晴
2013/2/21,7.2,晴
2013/2/22,8.2,薄曇時々晴
2013/2/23,9.3,晴
2013/2/24,10.6,快晴
2013/2/25,10.7,快晴
2013/2/26,10.2,快晴
2013/2/27,0.3,雨後曇一時晴
2013/2/28,9.2,曇後晴
2013/3/1,1.3,曇
2013/3/2,9.5,晴
2013/3/3,4.3,曇一時晴
2013/3/4,2.0,曇後時々晴
2013/3/5,10.8,快晴
2013/3/6,10.2,快晴
2013/3/7,6.5,曇時々晴
2013/3/8,8.3,晴後薄曇
2013/3/9,10.6,快晴
2013/3/10,5.4,曇一時晴
2013/3/11,11.3,快晴
2013/3/12,11.0,快晴
2013/3/13,9.1,薄曇後一時晴
2013/3/14,2.3,曇一時雨後晴、あられを伴う
2013/3/15,10.3,晴
2013/3/16,10.5,晴
2013/3/17,10.1,晴後一時薄曇
2013/3/18,3.1,曇一時晴
2013/3/19,10.5,晴
2013/3/20,4.7,曇一時晴
2013/3/21,11.3,快晴
2013/3/22,7.8,晴時々曇
2013/3/23,6.2,薄曇時々晴
2013/3/24,0.8,曇
2013/3/25,0.0,雨後時々曇
2013/3/26,5.4,曇時々晴
2013/3/27,0.0,雨後曇
2013/3/28,5.9,曇
2013/3/29,0.9,曇
2013/3/30,0.0,曇
2013/3/31,0.0,雨後曇
2013/4/1,7.9,曇一時晴
2013/4/2,0.0,雨
2013/4/3,0.3,大雨後曇
2013/4/4,9.0,晴後時々曇
2013/4/5,8.9,晴一時曇
2013/4/6,0.4,曇時々雨
2013/4/7,9.2,晴
2013/4/8,11.7,快晴
2013/4/9,8.9,晴時々薄曇
2013/4/10,2.9,曇
2013/4/11,5.9,晴後一時雨
2013/4/12,9.2,晴
2013/4/13,11.7,快晴
2013/4/14,6.7,薄曇
2013/4/15,11.0,晴
2013/4/16,10.1,晴時々薄曇
2013/4/17,0.3,曇
2013/4/18,10.0,晴
2013/4/19,0.4,曇
2013/4/20,0.0,曇後雨
2013/4/21,0.0,雨後曇
2013/4/22,10.8,晴後一時曇
2013/4/23,9.0,薄曇一時晴
2013/4/24,0.0,雨
2013/4/25,7.4,曇
2013/4/26,9.8,晴時々曇
2013/4/27,10.8,晴
2013/4/28,12.6,快晴
2013/4/29,10.3,薄曇一時晴
2013/4/30,0.8,曇一時雨
2013/5/1,2.4,曇時々晴後一時雨
2013/5/2,4.4,晴時々曇一時雨
2013/5/3,7.9,晴
2013/5/4,10.4,晴後一時曇
2013/5/5,11.9,快晴
2013/5/6,10.9,晴後一時雨、雷を伴う
2013/5/7,12.9,晴
2013/5/8,12.6,快晴
2013/5/9,12.5,快晴
2013/5/10,7.8,薄曇
2013/5/11,0.0,雨一時曇
2013/5/12,10.2,晴時々薄曇
2013/5/13,2.7,曇一時晴
2013/5/14,11.4,晴後一時薄曇
2013/5/15,9.8,晴
2013/5/16,7.1,晴時々曇一時雨
2013/5/17,12.8,快晴
2013/5/18,7.7,晴時々曇
2013/5/19,6.6,薄曇
2013/5/20,0.0,霧雨一時雨
2013/5/21,3.9,曇一時晴
2013/5/22,10.9,晴
2013/5/23,10.2,晴一時曇
2013/5/24,13.0,快晴
2013/5/25,3.5,曇一時晴
2013/5/26,5.1,曇後晴
2013/5/27,6.7,薄曇一時晴
2013/5/28,2.0,曇
2013/5/29,0.4,曇時々雨
2013/5/30,0.0,曇時々雨
2013/5/31,9.4,晴時々薄曇
2013/6/1,6.7,曇一時晴
2013/6/2,7.3,曇後晴
2013/6/3,8.6,薄曇後晴
2013/6/4,12.8,快晴
2013/6/5,11.4,晴時々薄曇
2013/6/6,0.6,薄曇
2013/6/7,2.7,曇一時雨後晴
2013/6/8,6.6,曇一時雨後晴
2013/6/9,9.5,晴後薄曇
2013/6/10,0.9,曇
2013/6/11,0.0,雨一時曇
2013/6/12,0.0,雨後曇
2013/6/13,0.0,雨
2013/6/14,0.4,曇一時雨
2013/6/15,5.4,曇
2013/6/16,1.6,雨後薄曇
2013/6/17,5.9,曇時々晴
2013/6/18,4.0,薄曇後一時雨
2013/6/19,0.0,曇
2013/6/20,0.0,雨時々曇
2013/6/21,0.0,曇後雨
2013/6/22,6.3,薄曇一時晴
2013/6/23,6.1,曇
2013/6/24,2.8,曇一時雨
2013/6/25,0.3,曇時々雨、雷を伴う
2013/6/26,0.0,雨一時曇
2013/6/27,9.4,曇後晴
2013/6/28,3.7,曇
2013/6/29,5.6,曇後晴
2013/6/30,5.3,曇
2013/7/1,0.4,曇
2013/7/2,8.5,晴時々薄曇
2013/7/3,1.5,曇後一時雨
2013/7/4,0.0,曇
2013/7/5,0.0,雨後曇
2013/7/6,8.8,薄曇時々晴
2013/7/7,11.1,晴後一時雨、雷を伴う
2013/7/8,9.8,晴後一時雨、雷を伴う
2013/7/9,12.8,晴
2013/7/10,10.8,晴後薄曇
2013/7/11,10.9,薄曇後晴
2013/7/12,10.9,薄曇
2013/7/13,1.4,曇
2013/7/14,4.9,薄曇後一時大雨、雷を伴う
2013/7/15,6.5,曇一時晴
2013/7/16,4.8,曇後一時晴
2013/7/17,1.3,曇後一時雨
2013/7/18,4.9,曇後晴
2013/7/19,8.7,晴後薄曇
2013/7/20,3.2,曇後一時晴
2013/7/21,8.7,曇後一時晴
2013/7/22,6.1,曇
2013/7/23,5.9,晴後曇一時雨、雷を伴う
2013/7/24,0.0,曇後雨
2013/7/25,0.0,曇
2013/7/26,5.1,曇
2013/7/27,5.2,晴
2013/7/28,8.1,薄曇一時晴
2013/7/29,0.0,雨後一時曇
2013/7/30,2.3,曇
2013/7/31,0.8,曇
2013/8/1,3.2,曇時々雨後一時晴
2013/8/2,4.0,曇
2013/8/3,6.6,曇時々晴
2013/8/4,2.3,曇
2013/8/5,7.9,晴一時曇
2013/8/6,1.7,曇時々雨、雷を伴う
2013/8/7,10.1,晴
2013/8/8,7.7,晴後薄曇
2013/8/9,9.4,晴
2013/8/10,10.0,晴後薄曇
2013/8/11,8.0,晴後一時雨、雷を伴う
2013/8/12,7.8,晴時々曇、雷を伴う
2013/8/13,7.9,晴時々曇
2013/8/14,8.5,晴一時曇
2013/8/15,10.3,晴
2013/8/16,8.9,晴後一時曇
2013/8/17,10.1,薄曇
2013/8/18,10.8,晴
2013/8/19,11.2,晴一時曇
2013/8/20,7.7,薄曇時々晴
2013/8/21,2.0,曇後一時雨、雷を伴う
2013/8/22,2.8,曇後晴
2013/8/23,0.0,曇後一時雨、雷を伴う
2013/8/24,1.6,曇一時雨
2013/8/25,0.0,雨後曇
2013/8/26,3.9,曇
2013/8/27,9.6,晴
2013/8/28,11.1,晴
2013/8/29,7.4,晴時々曇
2013/8/30,10.2,薄曇
2013/8/31,7.9,晴
2013/9/1,10.6,晴後一時曇
2013/9/2,5.5,晴時々曇
2013/9/3,8.2,晴一時曇
2013/9/4,3.1,曇時々雨後一時晴、雷を伴う
2013/9/5,2.6,曇時々雨、雷を伴う
2013/9/6,0.4,曇後一時晴
2013/9/7,1.0,曇
2013/9/8,0.1,曇時々雨、雷を伴う
2013/9/9,5.7,曇後晴
2013/9/10,3.5,晴後曇
2013/9/11,0.3,曇一時雨
2013/9/12,11.7,快晴
2013/9/13,8.3,晴
2013/9/14,4.7,曇一時晴
2013/9/15,2.1,大雨後薄曇、雷を伴う
2013/9/16,0.1,雨後曇
2013/9/17,11.2,晴
2013/9/18,11.4,快晴
2013/9/19,10.6,快晴
2013/9/20,10.8,快晴
2013/9/21,10.8,晴一時薄曇
2013/9/22,6.0,晴後薄曇
2013/9/23,2.8,曇一時晴
2013/9/24,1.7,曇一時雨
2013/9/25,0.0,雨一時曇
2013/9/26,1.1,曇一時雨
2013/9/27,10.5,快晴
2013/9/28,7.3,晴後曇
2013/9/29,5.1,晴
2013/9/30,7.0,晴後曇
2013/10/1,0.0,曇時々雨
2013/10/2,1.0,雨後曇一時晴
2013/10/3,7.8,晴時々曇
2013/10/4,0.0,曇時々雨
2013/10/5,0.0,雨
2013/10/6,0.7,曇
2013/10/7,2.6,曇後晴
2013/10/8,7.5,晴後薄曇
2013/10/9,5.3,曇
2013/10/10,1.2,曇後一時晴
2013/10/11,7.4,晴一時雨
2013/10/12,8.8,晴
2013/10/13,10.1,快晴
2013/10/14,8.3,晴後曇
2013/10/15,0.0,曇後雨
2013/10/16,2.8,曇一時雨後晴
2013/10/17,5.8,晴後曇
2013/10/18,4.6,曇時々晴
2013/10/19,0.5,曇後一時雨
2013/10/20,0.0,大雨
2013/10/21,1.4,曇一時晴
2013/10/22,0.0,曇
2013/10/23,0.2,曇
2013/10/24,0.0,曇時々雨
2013/10/25,0.0,曇時々雨
2013/10/26,0.3,雨後曇
2013/10/27,9.8,快晴
2013/10/28,9.3,晴
2013/10/29,0.1,曇後雨
2013/10/30,7.1,晴一時薄曇
2013/10/31,7.8,晴後一時曇
2013/11/1,8.8,晴
2013/11/2,0.0,曇後雨
2013/11/3,2.4,曇
2013/11/4,0.9,曇時々雨
2013/11/5,9.6,快晴
2013/11/6,7.4,晴一時曇
2013/11/7,0.4,雨後曇一時晴
2013/11/8,8.9,晴
2013/11/9,0.3,曇
2013/11/10,1.2,曇
2013/11/11,2.9,曇後晴一時雨
2013/11/12,1.5,曇後晴
2013/11/13,7.7,晴後一時曇
2013/11/14,6.9,晴後曇
2013/11/15,0.3,曇時々雨
2013/11/16,9.4,快晴
2013/11/17,9.0,晴
2013/11/18,8.6,晴
2013/11/19,8.9,晴
2013/11/20,9.5,快晴
2013/11/21,9.4,快晴
2013/11/22,9.2,晴
2013/11/23,9.2,快晴
2013/11/24,9.1,快晴
2013/11/25,0.0,曇後一時雨
2013/11/26,7.8,晴
2013/11/27,7.0,曇後晴
2013/11/28,3.5,晴時々曇
2013/11/29,9.1,快晴
2013/11/30,8.5,晴
2013/12/1,9.0,晴
2013/12/2,8.9,快晴
2013/12/3,8.9,快晴
2013/12/4,7.2,晴時々曇
2013/12/5,8.8,快晴
2013/12/6,7.3,薄曇後晴
2013/12/7,6.8,晴
2013/12/8,2.7,曇時々晴
2013/12/9,0.7,曇
2013/12/10,0.4,曇一時雨、雷を伴う
2013/12/11,4.0,曇時々晴
2013/12/12,7.8,晴
2013/12/13,8.5,晴
2013/12/14,9.0,快晴
2013/12/15,9.0,快晴
2013/12/16,8.2,晴後薄曇
2013/12/17,4.4,薄曇
2013/12/18,0.0,曇後雨
2013/12/19,0.0,雨
2013/12/20,0.5,雨時々曇一時みぞれ、ひょうを伴う
2013/12/21,7.6,晴
2013/12/22,9.1,快晴
2013/12/23,0.8,曇一時晴
2013/12/24,7.3,晴
2013/12/25,8.9,快晴
2013/12/26,0.1,曇
2013/12/27,0.0,曇時々雨
2013/12/28,9.0,晴
2013/12/29,9.0,快晴
2013/12/30,8.9,晴後一時薄曇
2013/12/31,9.0,快晴
2014/1/1,9.0,晴
2014/1/2,8.8,快晴
2014/1/3,3.7,曇後晴
2014/1/4,5.5,薄曇後一時晴
2014/1/5,0.4,曇
2014/1/6,8.8,快晴
2014/1/7,8.3,晴後一時曇
2014/1/8,2.7,曇時々晴一時雨
2014/1/9,1.6,曇一時雨
2014/1/10,8.6,快晴
2014/1/11,8.9,快晴
2014/1/12,7.4,晴時々曇
2014/1/13,8.6,快晴
2014/1/14,6.1,晴一時曇
2014/1/15,0.4,曇
2014/1/16,9.1,快晴
2014/1/17,7.2,晴一時曇
2014/1/18,7.0,晴時々曇
2014/1/19,9.3,快晴
2014/1/20,7.7,晴一時曇
2014/1/21,6.3,晴後曇
2014/1/22,8.6,晴後一時曇
2014/1/23,9.4,快晴
2014/1/24,6.6,晴後一時曇
2014/1/25,1.2,薄曇
2014/1/26,5.0,晴時々曇一時雨
2014/1/27,9.5,快晴
2014/1/28,9.1,晴
2014/1/29,9.5,快晴
2014/1/30,0.4,曇時々雨
2014/1/31,9.4,快晴
2014/2/1,8.1,晴後一時薄曇
2014/2/2,3.4,曇一時雨
2014/2/3,5.9,薄曇時々晴
2014/2/4,0.0,雨後みぞれ一時雪
2014/2/5,8.6,晴
2014/2/6,3.3,曇
2014/2/7,7.7,晴時々曇
2014/2/8,0.0,大雪
2014/2/9,6.7,曇後晴
2014/2/10,4.3,曇
2014/2/11,0.0,曇一時雪、あられを伴う
2014/2/12,2.0,曇後一時晴
2014/2/13,0.0,曇
2014/2/14,0.0,雪
2014/2/15,0.5,大雨後曇
2014/2/16,9.8,晴一時曇
2014/2/17,9.3,晴
2014/2/18,8.4,薄曇後晴
2014/2/19,8.5,薄曇一時晴
2014/2/20,3.9,薄曇
2014/2/21,9.9,快晴
2014/2/22,9.3,晴一時曇
2014/2/23,2.6,曇後一時晴
2014/2/24,2.3,曇後一時晴
2014/2/25,10.1,快晴
2014/2/26,9.9,晴
2014/2/27,0.0,雨後曇
2014/2/28,5.3,曇時々晴
2014/3/1,0.0,雨後曇
2014/3/2,0.0,雨一時曇
2014/3/3,3.7,曇一時雨後晴
2014/3/4,9.4,晴後時々薄曇
2014/3/5,0.0,雨
2014/3/6,10.5,晴
2014/3/7,5.7,晴時々曇一時雪
2014/3/8,10.9,快晴
2014/3/9,7.0,曇後晴
2014/3/10,7.4,晴後曇
2014/3/11,11.2,快晴
2014/3/12,8.9,晴後一時薄曇
2014/3/13,0.6,雨一時曇
2014/3/14,0.1,曇
2014/3/15,10.0,晴
2014/3/16,11.0,快晴
2014/3/17,10.8,快晴
2014/3/18,9.7,晴
2014/3/19,4.0,曇一時晴
2014/3/20,0.0,雨
2014/3/21,8.7,晴後一時曇
2014/3/22,11.0,晴
2014/3/23,10.5,晴
2014/3/24,11.3,快晴
2014/3/25,10.3,快晴
2014/3/26,0.5,曇
2014/3/27,0.0,雨時々曇
2014/3/28,11.6,快晴
2014/3/29,9.5,薄曇
2014/3/30,0.4,雨一時曇
2014/3/31,10.3,晴時々薄曇
2014/4/1,10.0,晴時々薄曇
2014/4/2,7.6,薄曇一時晴
2014/4/3,0.0,大雨
2014/4/4,4.4,晴時々曇一時雨、雷を伴う
2014/4/5,7.0,晴一時曇
2014/4/6,4.7,晴時々曇一時雨、雷を伴う
2014/4/7,11.2,晴後一時薄曇
2014/4/8,11.5,快晴
2014/4/9,8.2,晴後一時薄曇
2014/4/10,10.7,晴
2014/4/11,10.8,晴
2014/4/12,11.7,晴時々薄曇
2014/4/13,7.0,薄曇
2014/4/14,8.4,晴一時曇
2014/4/15,11.8,快晴
2014/4/16,10.5,薄曇
2014/4/17,9.6,晴後時々薄曇
2014/4/18,0.0,雨時々曇
2014/4/19,5.9,晴後曇
2014/4/20,1.1,曇後一時雨
2014/4/21,0.2,雨一時曇
2014/4/22,4.9,曇一時晴後時々雨
2014/4/23,10.1,晴
2014/4/24,10.4,晴
2014/4/25,11.7,晴後一時薄曇
2014/4/26,12.1,快晴
2014/4/27,12.2,晴
2014/4/28,4.1,曇
2014/4/29,0.5,曇後一時雨
2014/4/30,0.0,雨
2014/5/1,6.8,曇一時雨後晴
2014/5/2,10.4,晴
2014/5/3,10.9,晴後薄曇
2014/5/4,11.1,晴後一時薄曇
2014/5/5,0.0,雨時々曇
2014/5/6,0.0,曇一時雨
2014/5/7,11.7,晴
2014/5/8,8.1,薄曇
2014/5/9,11.0,晴後一時雨、雷・ひょうを伴う
2014/5/10,11.8,晴
2014/5/11,13.0,晴時々薄曇
2014/5/12,8.1,薄曇
2014/5/13,2.2,雨後曇一時晴
2014/5/14,6.5,薄曇
2014/5/15,1.1,曇時々雨後一時晴
2014/5/16,8.2,晴後一時雨
2014/5/17,11.3,晴
2014/5/18,13.1,晴一時薄曇
2014/5/19,10.0,薄曇
2014/5/20,7.1,薄曇
2014/5/21,0.0,大雨
2014/5/22,7.9,晴時々雨、雷を伴う
2014/5/23,6.4,薄曇
2014/5/24,11.6,晴後一時薄曇
2014/5/25,5.2,薄曇
2014/5/26,1.3,薄曇
2014/5/27,2.1,曇一時雨
2014/5/28,6.6,薄曇
2014/5/29,8.8,晴時々薄曇
2014/5/30,11.8,薄曇後晴
2014/5/31,12.4,快晴
2014/6/1,13.1,快晴
2014/6/2,11.2,晴後薄曇
2014/6/3,7.8,薄曇
2014/6/4,8.1,晴時々薄曇
2014/6/5,0.0,雨時々曇
2014/6/6,0.0,大雨
2014/6/7,0.0,雨
2014/6/8,0.0,雨後時々曇
2014/6/9,3.1,曇後時々雨
2014/6/10,3.5,曇
2014/6/11,0.0,雨時々曇
2014/6/12,0.2,雨後時々曇
2014/6/13,10.7,晴後一時雨、雷を伴う
2014/6/14,12.5,晴後一時薄曇
2014/6/15,13.0,晴
2014/6/16,11.0,薄曇時々晴
2014/6/17,4.2,薄曇
2014/6/18,0.5,曇時々雨
2014/6/19,11.0,晴
2014/6/20,9.9,薄曇時々晴
2014/6/21,4.0,曇
2014/6/22,0.0,雨後曇
2014/6/23,4.0,曇
2014/6/24,1.3,曇時々雨、雷を伴う
2014/6/25,0.6,曇時々雨、雷を伴う
2014/6/26,6.0,曇
2014/6/27,2.2,曇時々雨
2014/6/28,0.0,雨時々曇
2014/6/29,2.6,曇時々雨後一時晴、雷を伴う
2014/6/30,2.5,曇
2014/7/1,5.2,曇後晴
2014/7/2,8.8,晴時々曇
2014/7/3,2.3,曇後一時雨
2014/7/4,0.0,雨時々曇
2014/7/5,0.8,曇時々雨
2014/7/6,6.8,薄曇
2014/7/7,0.0,雨時々曇
2014/7/8,10.4,晴
2014/7/9,0.0,曇時々雨
2014/7/10,1.3,曇後一時雨
2014/7/11,6.4,曇時々晴
2014/7/12,9.5,晴後一時薄曇
2014/7/13,0.2,曇
2014/7/14,6.4,曇一時雨後晴
2014/7/15,6.7,晴一時曇
2014/7/16,10.1,晴
2014/7/17,4.1,曇一時晴
2014/7/18,0.0,曇
2014/7/19,0.0,曇時々雨
2014/7/20,3.1,曇後一時大雨、雷を伴う
2014/7/21,3.9,曇後時々晴
2014/7/22,7.0,薄曇一時晴
2014/7/23,9.0,薄曇
2014/7/24,2.5,曇後一時雨
2014/7/25,11.7,晴
2014/7/26,10.2,晴
2014/7/27,9.0,晴後一時雨、雷を伴う
2014/7/28,8.4,晴一時曇
2014/7/29,11.4,晴
2014/7/30,9.0,晴
2014/7/31,11.4,晴
2014/8/1,11.8,薄曇時々晴
2014/8/2,10.5,晴
2014/8/3,10.8,晴後時々薄曇
2014/8/4,9.1,薄曇
2014/8/5,12.9,快晴
2014/8/6,12.7,快晴
2014/8/7,11.1,晴
2014/8/8,1.7,曇時々雨
2014/8/9,0.0,曇時々雨
2014/8/10,0.2,曇時々雨
2014/8/11,9.8,晴後一時曇
2014/8/12,0.1,曇後雨
2014/8/13,6.1,曇一時晴
2014/8/14,1.1,曇後雨
2014/8/15,11.9,薄曇
2014/8/16,1.6,曇時々雨
2014/8/17,4.0,曇
2014/8/18,6.9,曇後晴
2014/8/19,12.2,晴
2014/8/20,11.5,晴
2014/8/21,10.7,晴時々曇
2014/8/22,10.7,晴
2014/8/23,3.0,曇一時雨
2014/8/24,5.6,薄曇
2014/8/25,0.9,曇時々雨
2014/8/26,0.0,雨時々曇
2014/8/27,0.0,雨後時々曇
2014/8/28,0.0,雨後一時曇
2014/8/29,0.0,曇時々雨
2014/8/30,1.9,曇一時雨
2014/8/31,2.1,曇後一時晴
2014/9/1,0.0,雨一時曇
2014/9/2,10.2,晴後一時曇
2014/9/3,2.6,曇
2014/9/4,2.9,曇
2014/9/5,4.4,曇時々晴
2014/9/6,2.9,曇一時晴
2014/9/7,0.0,雨後曇
2014/9/8,0.0,曇時々雨
2014/9/9,5.3,晴時々曇
2014/9/10,1.7,曇後一時大雨、雷を伴う
2014/9/11,0.7,雨時々曇
2014/9/12,7.9,晴後一時曇
2014/9/13,6.1,曇後一時雨後晴
2014/9/14,10.1,晴
2014/9/15,1.1,曇
2014/9/16,8.5,晴時々曇
2014/9/17,0.5,曇
2014/9/18,3.3,曇
2014/9/19,3.2,薄曇
2014/9/20,0.0,曇時々雨
2014/9/21,10.6,晴一時薄曇
2014/9/22,5.9,晴時々曇
2014/9/23,10.0,晴時々薄曇
2014/9/24,4.1,曇後一時雨
2014/9/25,0.2,雨後時々曇
2014/9/26,8.9,晴
2014/9/27,4.6,曇時々晴
2014/9/28,10.2,晴
2014/9/29,11.1,快晴
2014/9/30,8.8,晴
2014/10/1,0.0,雨時々曇
2014/10/2,0.9,曇後一時雨
2014/10/3,8.6,晴
2014/10/4,0.2,曇
2014/10/5,0.0,大雨
2014/10/6,4.6,大雨後晴
2014/10/7,4.7,晴時々曇
2014/10/8,4.0,晴時々曇
2014/10/9,1.5,曇
2014/10/10,7.2,薄曇
2014/10/11,5.2,薄曇
2014/10/12,1.0,曇
2014/10/13,0.0,雨時々曇
2014/10/14,9.3,晴後一時曇
2014/10/15,0.1,雨一時曇
2014/10/16,5.7,曇時々晴
2014/10/17,10.5,快晴
2014/10/18,7.3,晴一時曇
2014/10/19,9.7,快晴
2014/10/20,4.7,晴後曇一時雨
2014/10/21,0.1,雨後曇
2014/10/22,0.0,雨
2014/10/23,0.0,雨時々曇
2014/10/24,6.3,晴一時曇
2014/10/25,8.9,晴
2014/10/26,3.5,曇時々晴
2014/10/27,3.2,曇後一時晴
2014/10/28,9.6,晴
2014/10/29,9.8,快晴
2014/10/30,8.2,晴時々曇
2014/10/31,0.4,曇一時雨
2014/11/1,0.0,雨
2014/11/2,4.2,晴後曇
2014/11/3,3.2,曇一時晴
2014/11/4,9.8,晴
2014/11/5,0.2,曇
2014/11/6,0.9,曇後一時雨
2014/11/7,7.3,晴
2014/11/8,0.0,曇一時雨
2014/11/9,0.7,曇一時雨
2014/11/10,7.5,晴後曇
2014/11/11,0.0,曇後時々雨
2014/11/12,0.0,曇時々雨後一時晴
2014/11/13,9.5,快晴
2014/11/14,9.5,快晴
2014/11/15,9.5,快晴
2014/11/16,7.5,晴時々薄曇
2014/11/17,3.9,曇一時晴
2014/11/18,8.3,晴
2014/11/19,9.5,快晴
2014/11/20,0.2,曇後雨
2014/11/21,8.0,晴時々曇
2014/11/22,8.6,快晴
2014/11/23,9.1,晴
2014/11/24,1.5,曇後一時晴
2014/11/25,0.0,雨
2014/11/26,0.0,雨
2014/11/27,8.9,晴
2014/11/28,1.5,曇一時晴
2014/11/29,0.6,雨時々曇後晴
2014/11/30,4.7,曇時々晴
2014/12/1,0.0,曇時々雨
2014/12/2,8.6,快晴
2014/12/3,8.8,晴
2014/12/4,0.1,曇後雨
2014/12/5,4.3,晴一時曇
2014/12/6,7.1,晴後一時曇
2014/12/7,8.8,晴一時薄曇
2014/12/8,8.5,晴
2014/12/9,8.9,快晴
2014/12/10,4.5,薄曇
2014/12/11,0.6,曇時々雨
2014/12/12,1.3,曇一時雨
2014/12/13,8.9,晴
2014/12/14,7.7,晴後一時みぞれ、あられを伴う
2014/12/15,8.2,晴後時々薄曇
2014/12/16,0.4,雨一時曇
2014/12/17,8.3,晴
2014/12/18,9.0,快晴
2014/12/19,9.0,快晴
2014/12/20,0.3,曇後雨
2014/12/21,5.1,曇時々晴
2014/12/22,9.1,快晴
2014/12/23,8.5,晴後一時薄曇
2014/12/24,6.8,薄曇後晴
2014/12/25,2.8,曇時々晴
2014/12/26,8.8,快晴
2014/12/27,8.9,快晴
2014/12/28,6.6,晴後薄曇
2014/12/29,0.0,雨後時々曇
2014/12/30,6.5,晴
2014/12/31,8.8,快晴
2015/1/1,1.3,曇時々晴一時雪
2015/1/2,6.0,晴時々曇
2015/1/3,8.9,快晴
2015/1/4,6.0,曇後晴
2015/1/5,8.9,快晴
2015/1/6,0.2,曇後時々雨
2015/1/7,3.3,晴時々曇
2015/1/8,8.9,快晴
2015/1/9,8.9,快晴
2015/1/10,9.1,快晴
2015/1/11,9.1,快晴
2015/1/12,9.1,快晴
2015/1/13,9.1,快晴
2015/1/14,5.9,晴後曇
2015/1/15,0.0,大雨一時曇
2015/1/16,6.9,晴後曇
2015/1/17,6.9,晴
2015/1/18,9.3,快晴
2015/1/19,9.0,晴
2015/1/20,9.2,快晴
2015/1/21,0.0,曇時々雪後雨
2015/1/22,0.0,雨一時曇
2015/1/23,6.8,晴一時曇
2015/1/24,0.4,曇
2015/1/25,7.1,晴後薄曇
2015/1/26,4.4,曇時々晴
2015/1/27,5.1,晴時々曇一時雨
2015/1/28,6.2,晴時々曇一時雪
2015/1/29,6.6,晴後曇
2015/1/30,0.0,雪一時みぞれ後雨
2015/1/31,9.4,快晴
2015/2/1,9.6,快晴
2015/2/2,9.6,快晴
2015/2/3,9.4,晴
2015/2/4,7.6,晴後時々薄曇
2015/2/5,0.0,雨時々みぞれ
2015/2/6,8.9,快晴
2015/2/7,3.6,曇
2015/2/8,0.3,曇一時雨
2015/2/9,1.7,曇後時々晴
2015/2/10,9.6,快晴
2015/2/11,9.7,晴
2015/2/12,9.5,快晴
2015/2/13,6.3,晴後曇
2015/2/14,9.9,快晴
2015/2/15,9.8,快晴
2015/2/16,9.8,薄曇時々晴
2015/2/17,0.0,雨時々曇一時雪
2015/2/18,0.0,雨、みぞれを伴う
2015/2/19,9.2,晴
2015/2/20,7.9,晴
2015/2/21,9.2,晴
2015/2/22,0.0,曇一時雨
2015/2/23,4.9,曇一時雨
2015/2/24,0.0,曇
2015/2/25,2.8,曇
2015/2/26,0.0,雨一時曇
2015/2/27,8.4,晴
2015/2/28,9.2,晴一時曇
2015/3/1,0.0,曇後雨
2015/3/2,10.9,快晴
2015/3/3,0.0,曇一時雨
2015/3/4,5.7,曇時々晴一時雨
2015/3/5,10.2,晴
2015/3/6,1.9,曇
2015/3/7,0.0,曇時々雨
2015/3/8,0.0,雨後曇
2015/3/9,0.0,雨一時曇
2015/3/10,3.4,曇時々晴後一時雨、みぞれを伴う
2015/3/11,11.1,晴
2015/3/12,10.9,晴一時薄曇
2015/3/13,10.6,晴
2015/3/14,6.0,曇一時晴
2015/3/15,3.3,曇後一時晴
2015/3/16,3.2,曇後一時雨
2015/3/17,10.0,晴後一時薄曇
2015/3/18,4.3,薄曇
2015/3/19,0.6,曇後雨
2015/3/20,0.6,曇
2015/3/21,1.9,曇一時雨後時々晴
2015/3/22,9.8,晴
2015/3/23,7.3,晴後曇
2015/3/24,10.8,晴
2015/3/25,11.8,快晴
2015/3/26,11.8,快晴
2015/3/27,11.9,快晴
2015/3/28,8.2,曇後晴
2015/3/29,5.0,曇一時雨
2015/3/30,11.5,快晴
2015/3/31,11.5,晴
2015/4/1,0.0,曇時々雨
2015/4/2,11.1,晴
2015/4/3,0.0,曇一時雨
2015/4/4,0.0,曇一時雨
2015/4/5,0.0,雨時々曇
2015/4/6,7.9,晴時々曇後一時雨
2015/4/7,0.0,雨
2015/4/8,0.0,雨一時みぞれ
2015/4/9,8.7,曇時々晴
2015/4/10,0.0,曇後一時雨
2015/4/11,0.0,雨後曇
2015/4/12,8.3,薄曇一時晴
2015/4/13,0.0,雨一時曇
2015/4/14,0.0,雨一時曇
2015/4/15,10.2,晴時々曇
2015/4/16,9.0,晴後薄曇
2015/4/17,5.8,晴時々曇一時雨
2015/4/18,11.1,薄曇一時晴
2015/4/19,0.0,曇後一時雨
2015/4/20,0.2,雨時々曇
2015/4/21,0.0,曇
2015/4/22,4.8,晴後曇一時雨
2015/4/23,11.6,晴
2015/4/24,6.8,薄曇
2015/4/25,6.5,晴時々曇
2015/4/26,12.4,晴
2015/4/27,12.3,快晴
2015/4/28,10.8,晴時々薄曇
2015/4/29,7.5,薄曇後時々晴
2015/4/30,4.5,曇時々晴
2015/5/1,12.2,晴
2015/5/2,12.3,快晴
2015/5/3,8.2,薄曇時々晴
2015/5/4,7.4,晴一時曇
2015/5/5,6.8,曇後晴
2015/5/6,9.4,晴後薄曇
2015/5/7,3.2,曇一時雨後晴
2015/5/8,10.6,晴一時曇
2015/5/9,0.0,曇一時雨
2015/5/10,10.0,晴後時々曇
2015/5/11,11.6,晴後薄曇
2015/5/12,1.0,曇後一時雨
2015/5/13,11.5,晴
2015/5/14,10.2,晴後薄曇
2015/5/15,8.8,晴後曇
2015/5/16,0.1,曇一時雨
2015/5/17,10.0,薄曇
2015/5/18,4.8,曇
2015/5/19,0.0,曇一時雨
2015/5/20,7.9,晴時々薄曇
2015/5/21,9.8,晴
2015/5/22,10.1,薄曇
2015/5/23,10.3,薄曇一時晴
2015/5/24,7.4,曇後一時晴
2015/5/25,6.5,曇一時晴
2015/5/26,12.5,晴
2015/5/27,12.6,晴後一時薄曇
2015/5/28,4.7,曇後一時晴
2015/5/29,0.0,曇後時々雨
2015/5/30,10.3,晴後時々薄曇
2015/5/31,10.4,晴後一時薄曇
2015/6/1,10.7,晴後薄曇
2015/6/2,8.4,曇時々晴
2015/6/3,0.0,雨一時曇
2015/6/4,12.5,薄曇後晴
2015/6/5,2.1,曇後時々雨
2015/6/6,2.5,曇時々雨一時晴
2015/6/7,7.8,晴後薄曇
2015/6/8,5.2,薄曇
2015/6/9,0.0,曇時々雨
2015/6/10,8.1,薄曇
2015/6/11,5.4,薄曇
2015/6/12,0.1,雨後曇
2015/6/13,3.7,曇一時晴
2015/6/14,1.6,曇一時雨
2015/6/15,12.2,薄曇一時晴
2015/6/16,1.1,曇
2015/6/17,0.6,曇一時雨
2015/6/18,0.7,曇後一時雨
2015/6/19,0.0,雨
2015/6/20,9.4,薄曇一時晴
2015/6/21,0.1,雨時々曇
2015/6/22,2.1,曇
2015/6/23,6.1,晴時々曇
2015/6/24,12.4,晴
2015/6/25,7.8,晴一時曇
2015/6/26,0.2,曇後雨
2015/6/27,0.0,雨後曇
2015/6/28,8.0,晴後曇
2015/6/29,6.4,晴一時曇
2015/6/30,2.1,曇
2015/7/1,0.0,雨後一時曇
2015/7/2,0.2,曇一時雨
2015/7/3,0.0,大雨後一時曇
2015/7/4,0.0,雨時々曇
2015/7/5,0.0,雨時々曇
2015/7/6,0.0,雨
2015/7/7,0.0,雨時々曇
2015/7/8,0.2,曇後雨
2015/7/9,0.0,雨一時曇
2015/7/10,9.1,晴一時曇
2015/7/11,11.5,晴一時曇
2015/7/12,12.6,晴時々薄曇
2015/7/13,11.5,薄曇
2015/7/14,13.3,快晴
2015/7/15,13.0,晴
2015/7/16,0.2,曇時々雨
2015/7/17,1.1,曇一時雨
2015/7/18,2.7,曇後雨
2015/7/19,8.3,晴後曇
2015/7/20,6.7,晴時々曇
2015/7/21,13.2,晴
2015/7/22,13.4,晴一時薄曇
2015/7/23,2.7,曇時々雨
2015/7/24,5.2,曇後一時雨、雷を伴う
2015/7/25,8.4,薄曇後一時晴
2015/7/26,12.4,薄曇時々晴
2015/7/27,12.9,晴
2015/7/28,6.4,曇後晴
2015/7/29,3.2,曇時々晴
2015/7/30,3.6,曇後一時雨、雷を伴う
2015/7/31,10.0,晴
2015/8/1,8.9,晴
2015/8/2,9.6,晴
2015/8/3,12.0,晴
2015/8/4,11.4,晴
2015/8/5,12.8,快晴
2015/8/6,11.9,晴
2015/8/7,9.2,晴後時々薄曇
2015/8/8,4.3,曇時々晴
2015/8/9,3.4,晴一時曇
2015/8/10,2.0,曇一時雨、雷を伴う
2015/8/11,7.8,曇後時々晴
2015/8/12,3.0,曇一時晴
2015/8/13,2.2,曇一時雨
2015/8/14,1.5,曇一時晴
2015/8/15,7.3,晴一時曇
2015/8/16,4.7,曇時々晴
2015/8/17,0.1,雨時々曇
2015/8/18,4.6,曇
2015/8/19,5.0,曇
2015/8/20,0.0,雨後時々曇
2015/8/21,0.1,曇後一時雨
2015/8/22,8.2,曇後晴
2015/8/23,4.2,曇一時晴
2015/8/24,2.0,曇
2015/8/25,0.1,曇後一時雨
2015/8/26,0.0,雨
2015/8/27,1.3,曇
2015/8/28,0.0,曇時々雨
2015/8/29,0.0,雨後一時曇
2015/8/30,0.0,雨時々曇
2015/8/31,0.0,曇一時雨
2015/9/1,0.3,雨後曇、雷を伴う
2015/9/2,6.1,曇時々雨後晴
2015/9/3,1.5,曇後一時雨
2015/9/4,6.3,曇後一時雨、雷を伴う
2015/9/5,2.3,曇一時晴
2015/9/6,0.0,曇後時々雨
2015/9/7,0.2,雨時々曇
2015/9/8,0.0,大雨
2015/9/9,0.0,大雨、雷を伴う
2015/9/10,0.0,雨一時曇
2015/9/11,9.3,晴一時曇
2015/9/12,9.0,晴一時曇
2015/9/13,3.4,曇一時晴
2015/9/14,3.2,曇後一時晴
2015/9/15,6.2,薄曇時々晴
2015/9/16,0.3,曇後時々雨
2015/9/17,0.0,大雨
2015/9/18,0.3,雨後時々曇、雷を伴う
2015/9/19,8.3,晴時々曇
2015/9/20,7.4,晴一時曇
2015/9/21,4.8,曇時々晴
2015/9/22,10.7,晴
2015/9/23,9.1,薄曇時々晴
2015/9/24,0.9,曇後一時雨
2015/9/25,0.0,雨
2015/9/26,0.6,曇一時雨
2015/9/27,0.8,曇一時雨後時々晴
2015/9/28,9.2,晴
2015/9/29,4.2,曇一時晴
2015/9/30,8.9,晴時々薄曇
2015/10/1,1.2,曇後雨
2015/10/2,3.6,曇時々晴一時雨
2015/10/3,9.7,晴
2015/10/4,7.9,晴時々曇
2015/10/5,0.3,曇
2015/10/6,7.8,晴
2015/10/7,11.1,快晴
2015/10/8,11.1,快晴
2015/10/9,9.7,晴時々薄曇
2015/10/10,0.7,曇一時晴
2015/10/11,0.1,雨時々曇
2015/10/12,7.3,晴一時曇
2015/10/13,10.1,晴後一時曇
2015/10/14,6.7,晴時々曇
2015/10/15,8.3,晴後薄曇
2015/10/16,0.0,雨時々曇
2015/10/17,0.0,曇一時雨
2015/10/18,5.7,晴一時曇
2015/10/19,9.9,快晴
2015/10/20,6.9,薄曇後一時晴
2015/10/21,3.2,曇後時々晴
2015/10/22,7.2,晴後一時曇
2015/10/23,0.8,曇
2015/10/24,7.6,晴一時曇
2015/10/25,10.0,快晴
2015/10/26,9.5,晴後一時薄曇
2015/10/27,9.4,晴一時薄曇
2015/10/28,7.6,晴後一時曇
2015/10/29,0.7,曇後時々晴
2015/10/30,6.1,曇時々晴
2015/10/31,1.1,曇後一時晴
2015/11/1,8.6,薄曇時々晴
2015/11/2,0.0,大雨時々曇
2015/11/3,8.7,晴
2015/11/4,9.8,快晴
2015/11/5,8.2,晴
2015/11/6,9.6,快晴
2015/11/7,2.1,曇一時晴
2015/11/8,0.0,雨一時曇
2015/11/9,0.0,曇一時雨
2015/11/10,0.0,雨時々曇
2015/11/11,6.1,晴後曇
2015/11/12,1.4,曇一時晴
2015/11/13,2.0,曇一時晴
2015/11/14,0.0,雨一時曇
2015/11/15,2.3,雨一時曇後晴
2015/11/16,6.0,晴後曇
2015/11/17,3.8,曇一時晴後時々雨
2015/11/18,2.5,曇後時々雨
2015/11/19,6.0,晴一時曇
2015/11/20,0.0,曇一時雨
2015/11/21,6.1,晴後曇
2015/11/22,0.0,曇
2015/11/23,0.0,曇一時雨
2015/11/24,6.7,薄曇後晴
2015/11/25,0.0,曇時々雨
2015/11/26,0.1,雨後曇
2015/11/27,9.2,快晴
2015/11/28,9.2,快晴
2015/11/29,7.1,晴後薄曇
2015/11/30,4.6,晴時々薄曇
2015/12/1,9.0,快晴
2015/12/2,0.0,曇一時雨
2015/12/3,0.2,曇時々雨
2015/12/4,9.0,快晴
2015/12/5,9.0,晴
2015/12/6,4.7,曇一時晴
2015/12/7,7.5,晴後一時薄曇
2015/12/8,2.3,曇後晴
2015/12/9,8.7,晴後一時薄曇
2015/12/10,2.3,曇一時晴
2015/12/11,4.9,大雨後晴時々曇
2015/12/12,5.1,晴一時曇
2015/12/13,0.0,雨後一時曇
2015/12/14,0.8,曇
2015/12/15,0.4,曇時々晴
2015/12/16,8.3,晴後一時曇
2015/12/17,1.4,曇一時晴
2015/12/18,8.9,快晴
2015/12/19,9.0,快晴
2015/12/20,8.9,快晴
2015/12/21,1.5,曇時々晴
2015/12/22,8.9,晴後一時曇
2015/12/23,0.0,曇後時々雨
2015/12/24,3.9,曇後時々晴
2015/12/25,6.5,薄曇後晴
2015/12/26,7.6,晴一時曇
2015/12/27,3.7,晴後曇
2015/12/28,7.9,晴
2015/12/29,8.8,快晴
2015/12/30,7.6,晴一時曇
2015/12/31,5.2,晴一時曇
2016/1/1,9.0,快晴
2016/1/2,7.5,晴時々薄曇
2016/1/3,8.3,晴後時々薄曇
2016/1/4,8.9,快晴
2016/1/5,8.4,晴後一時曇
2016/1/6,0.0,曇
2016/1/7,4.8,晴時々曇
2016/1/8,8.7,晴
2016/1/9,8.9,快晴
2016/1/10,9.1,快晴
2016/1/11,3.3,曇一時晴
2016/1/12,0.0,雨一時みぞれ後時々曇
2016/1/13,8.7,晴一時薄曇
2016/1/14,9.1,快晴
2016/1/15,8.1,晴一時曇
2016/1/16,9.1,快晴
2016/1/17,3.1,曇一時晴
2016/1/18,1.4,大雨後時々晴、みぞれを伴う
2016/1/19,9.1,快晴
2016/1/20,9.2,晴
2016/1/21,7.4,薄曇時々晴
2016/1/22,8.1,晴一時薄曇
2016/1/23,0.2,曇後時々雨
2016/1/24,9.0,快晴
2016/1/25,9.6,快晴
2016/1/26,8.6,晴
2016/1/27,9.4,晴
2016/1/28,9.4,快晴
2016/1/29,0.0,雨一時曇
2016/1/30,0.0,雨後曇、あられを伴う
2016/1/31,5.1,晴一時曇
2016/2/1,0.0,曇
2016/2/2,8.5,晴一時曇
2016/2/3,7.1,晴後時々曇
2016/2/4,5.9,晴時々曇
2016/2/5,9.0,晴一時薄曇
2016/2/6,1.0,曇
2016/2/7,8.9,晴
2016/2/8,5.5,曇後晴
2016/2/9,8.6,晴
2016/2/10,9.9,快晴
2016/2/11,9.9,快晴
2016/2/12,2.4,曇一時晴
2016/2/13,4.6,曇時々晴
2016/2/14,4.4,雨後晴
2016/2/15,0.4,曇後雨
2016/2/16,9.4,晴
2016/2/17,8.5,晴後時々曇
2016/2/18,6.8,晴時々曇
2016/2/19,9.3,晴
2016/2/20,0.6,曇後雨
2016/2/21,3.8,曇一時雨後時々晴
2016/2/22,0.5,曇後一時雨
2016/2/23,0.1,曇後一時晴
2016/2/24,0.1,曇
2016/2/25,2.0,曇後晴
2016/2/26,10.5,快晴
2016/2/27,10.5,晴
2016/2/28,9.8,晴後時々曇
2016/2/29,2.1,曇時々雨
2016/3/1,10.9,快晴
2016/3/2,8.7,晴
2016/3/3,10.8,快晴
2016/3/4,9.7,晴
2016/3/5,2.6,曇
2016/3/6,3.1,曇一時雨
2016/3/7,0.0,雨後時々曇
2016/3/8,8.1,晴一時曇
2016/3/9,0.0,雨一時曇
2016/3/10,0.0,曇
2016/3/11,0.0,雨後時々曇
2016/3/12,1.4,曇時々晴後一時雨
2016/3/13,0.1,曇
2016/3/14,0.0,雨
2016/3/15,11.4,快晴
2016/3/16,2.4,曇
2016/3/17,11.4,快晴
2016/3/18,7.6,晴後薄曇
2016/3/19,1.9,雨時々晴一時霧雨
2016/3/20,5.2,晴時々曇
2016/3/21,4.5,曇一時雨後晴
2016/3/22,8.8,晴一時曇
2016/3/23,5.9,曇時々晴
2016/3/24,1.5,曇時々雨一時晴
2016/3/25,9.2,晴一時曇
2016/3/26,6.2,曇後晴
2016/3/27,5.2,晴時々曇
2016/3/28,2.8,曇一時雨後一時晴
2016/3/29,9.8,晴後薄曇
2016/3/30,3.6,薄曇
2016/3/31,9.1,晴後薄曇
2016/4/1,4.3,曇
2016/4/2,0.0,曇一時雨
2016/4/3,0.0,雨後曇
2016/4/4,0.7,雨後曇
2016/4/5,0.0,曇一時雨
2016/4/6,8.3,薄曇一時晴
2016/4/7,0.5,大雨後一時曇
2016/4/8,4.4,曇一時晴
2016/4/9,7.5,薄曇
2016/4/10,4.2,薄曇
2016/4/11,6.2,曇後一時晴
2016/4/12,11.4,晴後一時薄曇
2016/4/13,0.7,雨時々曇
2016/4/14,0.0,雨後曇
2016/4/15,12.1,快晴
2016/4/16,3.9,曇
2016/4/17,3.0,曇時々雨一時晴
2016/4/18,6.9,晴後雨時々曇
2016/4/19,11.6,晴
2016/4/20,11.4,晴後薄曇
2016/4/21,0.0,曇時々雨
2016/4/22,8.5,晴後曇
2016/4/23,2.1,曇
2016/4/24,1.2,雨後曇
2016/4/25,8.7,薄曇一時晴
2016/4/26,10.9,晴一時薄曇
2016/4/27,0.3,曇
2016/4/28,0.0,雨後一時曇
2016/4/29,9.4,晴一時曇
2016/4/30,11.0,晴
2016/5/1,9.0,晴時々曇
2016/5/2,3.5,曇
2016/5/3,6.0,曇
2016/5/4,9.2,晴一時雨
2016/5/5,12.3,快晴
2016/5/6,0.1,曇後雨
2016/5/7,11.5,晴時々薄曇
2016/5/8,11.9,晴後薄曇
2016/5/9,0.0,曇後雨
2016/5/10,0.1,曇
2016/5/11,1.7,曇一時雨
2016/5/12,13.1,快晴
2016/5/13,11.1,晴
2016/5/14,8.9,薄曇時々晴
2016/5/15,12.5,薄曇後時々晴
2016/5/16,1.8,曇後一時晴
2016/5/17,0.0,大雨後一時曇
2016/5/18,13.4,晴
2016/5/19,11.6,晴後薄曇
2016/5/20,1.7,曇
2016/5/21,12.1,晴後時々曇
2016/5/22,13.1,快晴
2016/5/23,12.5,薄曇後時々晴
2016/5/24,8.7,薄曇一時晴
2016/5/25,0.0,曇
2016/5/26,3.6,曇時々晴
2016/5/27,0.3,雨時々曇
2016/5/28,0.2,曇
2016/5/29,10.4,晴後曇
2016/5/30,0.0,雨時々曇
2016/5/31,4.6,曇
2016/6/1,5.7,薄曇
2016/6/2,13.0,晴
2016/6/3,12.7,晴
2016/6/4,8.0,薄曇
2016/6/5,2.8,曇一時雨
2016/6/6,0.5,曇
2016/6/7,0.0,曇時々雨
2016/6/8,5.7,曇
2016/6/9,0.0,曇一時雨
2016/6/10,10.2,晴
2016/6/11,10.7,晴後薄曇
2016/6/12,6.4,曇
2016/6/13,0.0,大雨
2016/6/14,5.2,曇一時晴
2016/6/15,0.0,曇時々雨
2016/6/16,0.0,曇時々雨
2016/6/17,8.2,晴時々曇
2016/6/18,13.3,晴
2016/6/19,4.2,曇後一時雨
2016/6/20,5.9,薄曇
2016/6/21,2.5,雨時々曇一時晴
2016/6/22,0.0,曇一時雨
2016/6/23,3.3,雨後晴
2016/6/24,0.0,曇後時々雨
2016/6/25,0.0,曇一時雨
2016/6/26,9.8,薄曇一時晴
2016/6/27,10.4,晴一時薄曇
2016/6/28,0.0,雨時々曇
2016/6/29,0.0,曇後一時雨
2016/6/30,0.6,曇一時雨
2016/7/1,4.4,曇一時晴
2016/7/2,6.9,曇後時々晴
2016/7/3,7.6,曇一時晴
2016/7/4,7.1,晴後一時雨、雷を伴う
2016/7/5,0.0,曇一時雨
2016/7/6,4.1,曇一時晴
2016/7/7,12.8,晴
2016/7/8,2.1,曇
2016/7/9,0.0,雨後時々曇
2016/7/10,11.7,薄曇
2016/7/11,12.5,晴後一時薄曇
2016/7/12,6.3,晴時々曇
2016/7/13,0.0,雨時々曇
2016/7/14,3.9,曇時々晴後一時雨、雷を伴う
2016/7/15,0.0,雨時々曇
2016/7/16,1.6,曇
2016/7/17,0.1,曇一時雨
2016/7/18,7.5,晴時々曇
2016/7/19,6.2,晴一時曇
2016/7/20,4.6,曇後晴
2016/7/21,0.0,雨後一時曇
2016/7/22,0.0,雨後時々曇
2016/7/23,1.4,曇後一時晴
2016/7/24,7.3,晴一時曇
2016/7/25,0.8,曇
2016/7/26,0.1,曇時々雨
2016/7/27,0.3,曇後一時晴
2016/7/28,5.2,曇
2016/7/29,11.5,晴
2016/7/30,10.8,晴
2016/7/31,6.9,曇時々晴後一時雨
2016/8/1,1.9,曇時々晴一時雨、雷を伴う
2016/8/2,1.7,曇時々雨、雷を伴う
2016/8/3,4.1,曇一時晴
2016/8/4,8.5,晴
2016/8/5,10.8,晴
2016/8/6,8.8,晴
2016/8/7,11.2,晴
2016/8/8,4.6,曇一時晴
2016/8/9,8.1,晴時々薄曇
2016/8/10,4.9,曇時々晴
2016/8/11,4.9,曇後一時晴
2016/8/12,5.5,曇後晴
2016/8/13,7.2,晴時々曇
2016/8/14,3.8,曇
2016/8/15,0.7,曇後一時晴
2016/8/16,2.1,曇後時々雨
2016/8/17,10.0,晴
2016/8/18,1.1,曇後大雨、雷を伴う
2016/8/19,6.9,晴時々曇
2016/8/20,1.6,大雨時々曇、雷を伴う
2016/8/21,7.9,薄曇時々晴
2016/8/22,0.0,大雨
2016/8/23,1.7,曇一時雨
2016/8/24,1.9,曇一時雨
2016/8/25,11.9,晴
2016/8/26,10.2,晴
2016/8/27,0.0,雨時々曇
2016/8/28,0.0,曇時々雨
2016/8/29,2.6,曇時々雨後一時晴
2016/8/30,0.6,曇時々雨
2016/8/31,11.3,晴
2016/9/1,10.1,晴後時々薄曇
2016/9/2,4.9,晴時々曇
2016/9/3,7.4,晴時々曇
2016/9/4,4.5,曇時々雨後晴
2016/9/5,9.6,晴後一時曇
2016/9/6,9.6,晴時々薄曇
2016/9/7,2.3,曇時々雨後晴
2016/9/8,1.3,曇時々雨
2016/9/9,5.3,晴時々曇
2016/9/10,4.1,曇時々晴
2016/9/11,0.2,曇時々雨
2016/9/12,0.3,曇
2016/9/13,0.0,大雨後時々曇
2016/9/14,0.3,曇一時雨
2016/9/15,0.1,曇時々雨
2016/9/16,0.0,曇時々雨
2016/9/17,5.3,晴後薄曇
2016/9/18,0.0,曇時々雨
2016/9/19,0.0,雨一時曇
2016/9/20,0.0,大雨
2016/9/21,0.1,曇後一時雨
2016/9/22,0.0,大雨
2016/9/23,0.0,雨一時曇
2016/9/24,0.0,曇後雨
2016/9/25,3.4,曇後一時晴
2016/9/26,3.1,曇
2016/9/27,2.3,曇一時晴
2016/9/28,2.1,曇後時々雨
2016/9/29,0.7,曇時々雨
2016/9/30,2.4,曇
2016/10/1,0.0,曇時々雨
2016/10/2,9.1,晴
2016/10/3,0.0,雨時々曇
2016/10/4,6.2,薄曇
2016/10/5,0.7,曇時々雨
2016/10/6,8.3,薄曇
2016/10/7,5.8,晴時々曇
2016/10/8,0.2,曇時々雨
2016/10/9,0.0,大雨後曇
2016/10/10,0.0,曇
2016/10/11,0.2,曇
2016/10/12,8.2,晴時々薄曇
2016/10/13,0.0,曇
2016/10/14,4.0,薄曇後時々晴
2016/10/15,10.8,快晴
2016/10/16,5.2,晴時々曇
2016/10/17,0.0,雨後曇
2016/10/18,5.9,晴時々曇
2016/10/19,1.9,曇時々晴
2016/10/20,10.0,快晴
2016/10/21,4.9,薄曇
2016/10/22,0.1,曇
2016/10/23,4.8,曇一時晴
2016/10/24,9.8,晴
2016/10/25,2.4,曇時々晴後時々雨
2016/10/26,9.6,快晴
2016/10/27,7.6,晴一時曇
2016/10/28,0.0,曇後雨
2016/10/29,0.0,曇
2016/10/30,0.0,曇
2016/10/31,3.9,曇時々晴
2016/11/1,3.3,雨後晴時々曇
2016/11/2,0.0,曇後時々雨
2016/11/3,9.5,晴
2016/11/4,9.2,晴後一時曇
2016/11/5,6.8,晴一時曇
2016/11/6,9.5,快晴
2016/11/7,8.4,晴
2016/11/8,1.8,曇一時晴
2016/11/9,6.0,晴時々曇
2016/11/10,0.5,曇
2016/11/11,0.0,雨
2016/11/12,6.3,晴一時曇
2016/11/13,7.6,晴後一時薄曇
2016/11/14,0.0,曇後時々雨
2016/11/15,1.6,曇
2016/11/16,0.6,曇
2016/11/17,8.1,晴一時薄曇
2016/11/18,9.0,晴後一時曇
2016/11/19,0.0,雨時々曇
2016/11/20,6.9,薄曇時々晴
2016/11/21,0.0,曇後時々雨
2016/11/22,6.7,晴一時雨
2016/11/23,0.1,曇後一時雨
2016/11/24,0.0,みぞれ時々雪一時曇
2016/11/25,9.3,晴一時薄曇
2016/11/26,6.5,晴後曇
2016/11/27,0.5,曇後時々雨
2016/11/28,3.3,薄曇時々晴
2016/11/29,5.7,晴時々曇
2016/11/30,4.9,曇一時晴
2016/12/1,3.1,雨後曇
2016/12/2,8.5,晴後一時薄曇
2016/12/3,6.7,晴後時々曇
2016/12/4,7.2,薄曇
2016/12/5,7.6,薄曇一時晴
2016/12/6,8.5,快晴
2016/12/7,1.5,曇時々晴
2016/12/8,8.6,晴後一時薄曇
2016/12/9,8.9,快晴
2016/12/10,8.7,快晴
2016/12/11,8.8,快晴
2016/12/12,7.5,薄曇時々晴
2016/12/13,2.5,曇一時晴
2016/12/14,0.3,雨後曇時々晴
2016/12/15,6.9,晴後時々曇
2016/12/16,8.6,快晴
2016/12/17,9.0,快晴
2016/12/18,7.6,晴
2016/12/19,8.3,薄曇後晴
2016/12/20,3.5,曇後晴
2016/12/21,7.8,晴時々薄曇
2016/12/22,2.5,曇時々雨
2016/12/23,4.3,晴後一時曇
2016/12/24,8.5,快晴
2016/12/25,4.7,曇後晴
2016/12/26,1.3,曇
2016/12/27,0.2,曇時々雨
2016/12/28,9.0,快晴
2016/12/29,5.2,曇後晴
2016/12/30,9.0,快晴
2016/12/31,8.9,快晴
2017/1/1,8.9,快晴
2017/1/2,6.5,晴一時曇
2017/1/3,8.2,快晴
2017/1/4,8.7,快晴
2017/1/5,9.0,快晴
2017/1/6,8.8,晴一時薄曇
2017/1/7,8.7,晴
2017/1/8,0.0,曇時々雨
2017/1/9,2.2,雨後晴
2017/1/10,8.9,快晴
2017/1/11,9.0,快晴
2017/1/12,8.2,晴
2017/1/13,6.7,晴後一時曇
2017/1/14,3.2,曇時々晴後一時雪
2017/1/15,8.1,晴
2017/1/16,9.3,快晴
2017/1/17,9.1,快晴
2017/1/18,9.1,晴後時々薄曇
2017/1/19,5.6,曇時々晴
2017/1/20,0.0,曇時々みぞれ一時雨
2017/1/21,9.4,快晴
2017/1/22,9.3,快晴
2017/1/23,6.9,晴一時曇
2017/1/24,9.4,晴
2017/1/25,9.6,快晴
2017/1/26,9.5,快晴
2017/1/27,5.2,曇後晴
2017/1/28,9.1,晴
2017/1/29,2.9,曇後一時晴
2017/1/30,7.9,晴
2017/1/31,9.3,快晴
2017/2/1,7.2,晴時々曇
2017/2/2,9.6,快晴
2017/2/3,9.6,快晴
2017/2/4,9.6,快晴
2017/2/5,2.5,曇時々雨一時晴
2017/2/6,6.1,晴時々曇
2017/2/7,9.5,晴後一時薄曇
2017/2/8,9.5,晴後時々薄曇
2017/2/9,0.0,みぞれ時々雨
2017/2/10,4.0,曇時々晴一時雪
2017/2/11,7.3,晴後時々曇
2017/2/12,9.5,快晴
2017/2/13,8.0,晴
2017/2/14,8.9,晴後一時曇
2017/2/15,9.9,快晴
2017/2/16,9.9,快晴
2017/2/17,8.2,晴
2017/2/18,2.9,曇
2017/2/19,9.6,晴
2017/2/20,5.6,晴後雨一時曇
2017/2/21,9.7,晴
2017/2/22,4.3,曇一時晴
2017/2/23,1.5,雨後曇
2017/2/24,3.5,曇時々晴
2017/2/25,8.1,晴一時曇
2017/2/26,8.4,晴後薄曇
2017/2/27,2.0,曇後時々晴
2017/2/28,8.8,晴一時曇
2017/3/1,5.6,曇一時晴
2017/3/2,0.0,曇後雨
2017/3/3,8.3,晴後一時曇
2017/3/4,6.1,薄曇時々晴
2017/3/5,8.3,晴後薄曇
2017/3/6,1.1,曇時々雨
2017/3/7,2.7,曇時々晴一時雨
2017/3/8,8.1,晴一時曇
2017/3/9,11.1,快晴
2017/3/10,10.3,晴
2017/3/11,8.1,晴
2017/3/12,10.3,薄曇後一時晴
2017/3/13,0.5,曇
2017/3/14,0.0,雨時々曇
2017/3/15,0.0,曇時々雨
2017/3/16,9.1,晴後一時曇
2017/3/17,9.0,晴後時々曇
2017/3/18,9.1,晴後薄曇
2017/3/19,8.9,晴後一時曇
2017/3/20,9.8,晴後薄曇
2017/3/21,0.0,雨
2017/3/22,11.3,快晴
2017/3/23,5.7,薄曇
2017/3/24,5.9,曇時々晴
2017/3/25,11.1,薄曇時々晴
2017/3/26,0.0,雨
2017/3/27,1.5,雨後曇一時晴
2017/3/28,9.1,晴後時々曇一時雨
2017/3/29,8.4,薄曇後晴
2017/3/30,10.2,晴後薄曇
2017/3/31,0.7,曇後時々雨
2017/4/1,0.0,雨後一時曇
2017/4/2,8.9,薄曇時々晴
2017/4/3,7.3,晴一時曇後一時雨、雷を伴う
2017/4/4,12.0,晴
2017/4/5,9.4,薄曇
2017/4/6,7.2,曇一時晴
2017/4/7,2.8,雨時々曇後晴
2017/4/8,0.0,雨時々曇一時霧雨
2017/4/9,0.0,雨時々曇
2017/4/10,6.5,薄曇
2017/4/11,0.0,大雨
2017/4/12,9.7,薄曇時々晴
2017/4/13,9.1,晴後一時曇
2017/4/14,11.7,快晴
2017/4/15,8.2,薄曇時々晴一時雨
2017/4/16,11.9,晴後時々薄曇
2017/4/17,3.8,曇後一時雨
2017/4/18,5.1,曇一時雨
2017/4/19,11.8,晴
2017/4/20,9.0,晴後薄曇
2017/4/21,0.1,曇
2017/4/22,0.1,曇後一時雨
2017/4/23,10.5,晴
2017/4/24,7.0,曇後晴
2017/4/25,9.5,晴一時曇
2017/4/26,0.0,曇
2017/4/27,5.0,曇一時雨
2017/4/28,9.5,晴一時曇
2017/4/29,10.4,晴時々曇
2017/4/30,12.3,快晴
2017/5/1,7.6,晴後一時雨、雷を伴う
2017/5/2,12.4,快晴
2017/5/3,9.5,薄曇
2017/5/4,9.9,薄曇後晴
2017/5/5,11.4,晴
2017/5/6,12.4,薄曇
2017/5/7,3.6,曇
2017/5/8,12.3,晴一時薄曇
2017/5/9,0.2,薄曇
2017/5/10,0.0,雨一時曇
2017/5/11,9.4,晴後曇一時雨
2017/5/12,7.8,薄曇
2017/5/13,0.0,雨
2017/5/14,0.7,曇
2017/5/15,1.1,曇一時雨
2017/5/16,4.6,薄曇
2017/5/17,0.2,曇
2017/5/18,5.4,曇時々晴一時雨、雷を伴う
2017/5/19,12.4,晴
2017/5/20,13.1,快晴
2017/5/21,12.1,晴後一時薄曇
2017/5/22,12.9,晴時々薄曇
2017/5/23,12.4,晴後一時薄曇
2017/5/24,2.7,曇
2017/5/25,0.4,雨後曇
2017/5/26,0.0,雨後曇
2017/5/27,7.0,曇時々晴
2017/5/28,6.6,晴時々曇
2017/5/29,12.0,晴一時薄曇
2017/5/30,12.1,晴時々薄曇
2017/5/31,4.7,薄曇
2017/6/1,1.7,曇時々雨一時晴
2017/6/2,10.6,晴
2017/6/3,12.1,晴一時薄曇
2017/6/4,7.2,晴一時曇
2017/6/5,9.2,晴後一時雨、雷を伴う
2017/6/6,4.4,曇後一時晴
2017/6/7,0.0,曇
2017/6/8,4.9,曇一時雨後時々晴
2017/6/9,7.0,曇一時晴
2017/6/10,8.3,薄曇時々晴
2017/6/11,3.7,曇
2017/6/12,5.0,曇時々晴
2017/6/13,0.0,雨一時曇
2017/6/14,3.6,曇一時雨後時々晴
2017/6/15,7.2,晴一時曇
2017/6/16,9.7,晴後一時雨
2017/6/17,12.2,晴後時々薄曇
2017/6/18,0.0,曇後雨
2017/6/19,11.0,晴一時曇
2017/6/20,11.2,薄曇時々晴
2017/6/21,0.0,大雨
2017/6/22,4.6,薄曇
2017/6/23,12.1,晴
2017/6/24,7.2,薄曇一時晴
2017/6/25,0.0,雨時々曇
2017/6/26,2.1,曇一時雨
2017/6/27,0.0,曇
2017/6/28,0.0,雨後曇一時晴
2017/6/29,3.7,曇
2017/6/30,0.1,雨時々曇
2017/7/1,0.1,雨時々曇
2017/7/2,3.1,曇
2017/7/3,6.2,曇
2017/7/4,0.1,曇
2017/7/5,5.0,曇一時晴
2017/7/6,6.8,曇時々晴
2017/7/7,10.9,晴
2017/7/8,12.6,晴
2017/7/9,13.1,晴後一時薄曇
2017/7/10,13.5,晴
2017/7/11,7.2,晴一時曇
2017/7/12,10.3,晴
2017/7/13,5.6,晴後時々曇
2017/7/14,12.1,晴
2017/7/15,11.5,晴後時々薄曇
2017/7/16,6.6,薄曇
2017/7/17,6.1,薄曇一時雨
2017/7/18,3.5,曇時々晴一時雨、雷を伴う
2017/7/19,6.6,晴時々曇
2017/7/20,7.7,晴
2017/7/21,11.6,晴
2017/7/22,9.7,薄曇時々晴
2017/7/23,0.0,曇時々雨
2017/7/24,2.3,曇
2017/7/25,1.8,曇、雷を伴う
2017/7/26,0.0,大雨一時曇
2017/7/27,0.0,曇
2017/7/28,3.5,曇時々晴
2017/7/29,3.1,曇後一時雨、雷を伴う
2017/7/30,0.1,曇一時雨
2017/7/31,8.4,晴時々曇
2017/8/1,0.0,曇時々雨
2017/8/2,0.5,曇時々雨
2017/8/3,0.7,曇
2017/8/4,0.6,曇
2017/8/5,2.9,曇
2017/8/6,6.1,曇後晴
2017/8/7,5.0,曇時々晴
2017/8/8,3.3,曇一時雨
2017/8/9,8.5,晴時々曇一時雨
2017/8/10,0.0,曇一時雨
2017/8/11,0.0,曇時々雨
2017/8/12,1.5,曇時々雨後一時晴
2017/8/13,3.5,曇一時晴
2017/8/14,0.0,曇時々雨
2017/8/15,0.0,大雨時々曇
2017/8/16,0.0,雨
2017/8/17,0.2,曇
2017/8/18,0.8,曇
2017/8/19,2.2,曇一時雨、雷を伴う
2017/8/20,0.6,曇
2017/8/21,3.7,曇一時雨後一時晴
2017/8/22,2.6,曇
2017/8/23,5.6,晴後曇
2017/8/24,7.6,曇時々晴
2017/8/25,3.7,曇
2017/8/26,2.7,曇後一時雨
2017/8/27,4.8,曇時々晴
2017/8/28,6.7,曇後晴
2017/8/29,5.3,曇後一時晴
2017/8/30,4.6,曇時々晴後一時雨
2017/8/31,0.0,雨後時々曇
2017/9/1,2.3,曇後一時雨
2017/9/2,4.9,雨一時曇後晴
2017/9/3,8.6,晴時々曇
2017/9/4,0.0,曇時々雨
2017/9/5,2.3,曇
2017/9/6,0.0,雨時々曇
2017/9/7,0.1,曇時々雨
2017/9/8,5.1,曇後晴
2017/9/9,8.7,晴一時曇
2017/9/10,7.8,晴一時曇
2017/9/11,5.8,曇
2017/9/12,0.3,雨後時々曇、雷を伴う
2017/9/13,7.1,晴後薄曇
2017/9/14,6.5,曇時々晴
2017/9/15,6.9,薄曇
2017/9/16,0.0,曇時々雨
2017/9/17,0.0,雨
2017/9/18,9.3,晴
2017/9/19,6.3,薄曇時々晴
2017/9/20,0.0,曇
2017/9/21,10.4,晴時々曇
2017/9/22,1.4,曇後雨
2017/9/23,1.3,曇一時雨
2017/9/24,4.0,曇一時晴
2017/9/25,5.9,晴時々曇
2017/9/26,7.7,晴一時曇
2017/9/27,0.5,曇
2017/9/28,0.1,曇時々雨
2017/9/29,8.3,晴
2017/9/30,2.8,曇後一時晴
2017/10/1,7.7,晴後曇
2017/10/2,0.0,曇
2017/10/3,2.9,曇時々晴
2017/10/4,0.4,曇一時雨
2017/10/5,4.5,曇後一時晴
2017/10/6,0.0,曇後雨
2017/10/7,1.8,雨後曇一時晴
2017/10/8,4.0,曇時々晴
2017/10/9,10.6,晴一時薄曇
2017/10/10,10.4,晴
2017/10/11,0.9,曇一時晴
2017/10/12,5.9,晴後時々薄曇
2017/10/13,0.0,雨
2017/10/14,0.0,雨時々曇
2017/10/15,0.0,雨
2017/10/16,0.0,雨
2017/10/17,0.0,雨後曇
2017/10/18,7.8,晴後曇
2017/10/19,0.0,大雨
2017/10/20,0.0,雨後時々曇
2017/10/21,0.0,雨
2017/10/22,0.0,大雨
2017/10/23,5.5,曇一時雨後晴
2017/10/24,1.6,曇
2017/10/25,0.0,雨後一時曇
2017/10/26,9.9,快晴
2017/10/27,9.8,晴
2017/10/28,0.0,雨時々曇
2017/10/29,0.0,大雨、雷を伴う
2017/10/30,9.9,快晴
2017/10/31,1.1,曇時々晴
2017/11/1,6.3,晴一時曇
2017/11/2,8.8,薄曇一時晴
2017/11/3,8.5,晴一時曇
2017/11/4,5.1,晴時々曇後一時雨
2017/11/5,9.4,快晴
2017/11/6,9.3,快晴
2017/11/7,9.3,晴後一時薄曇
2017/11/8,0.0,雨後曇
2017/11/9,9.5,快晴
2017/11/10,4.8,晴時々曇
2017/11/11,2.9,晴時々曇
2017/11/12,8.3,晴
2017/11/13,4.7,曇時々晴
2017/11/14,0.0,曇後雨
2017/11/15,3.2,曇後時々晴
2017/11/16,8.7,晴後一時曇
2017/11/17,7.9,晴後一時薄曇
2017/11/18,0.0,雨時々曇
2017/11/19,5.4,晴一時曇
2017/11/20,1.9,曇後時々晴
2017/11/21,9.4,快晴
2017/11/22,3.1,曇後一時雨
2017/11/23,2.8,雨後晴
2017/11/24,4.9,晴時々曇後一時雨
2017/11/25,8.3,晴後時々薄曇
2017/11/26,6.6,晴後一時曇
2017/11/27,4.4,晴後曇
2017/11/28,0.6,曇
2017/11/29,8.6,晴
2017/11/30,0.0,曇時々雨
2017/12/1,0.5,曇時々雨
2017/12/2,7.3,晴
2017/12/3,8.1,晴
2017/12/4,2.8,曇一時晴
2017/12/5,8.5,晴
2017/12/6,8.9,快晴
2017/12/7,7.8,晴
2017/12/8,0.5,曇後一時雨
2017/12/9,8.9,快晴
2017/12/10,8.4,晴一時薄曇
2017/12/11,8.6,晴一時曇
2017/12/12,8.4,晴後一時薄曇
2017/12/13,7.9,晴
2017/12/14,8.9,快晴
2017/12/15,0.4,曇後一時晴
2017/12/16,6.6,晴時々曇
2017/12/17,8.8,晴
2017/12/18,8.8,晴
2017/12/19,9.0,快晴
2017/12/20,5.7,晴
2017/12/21,6.8,晴
2017/12/22,5.7,晴一時曇
2017/12/23,7.9,晴後時々薄曇
2017/12/24,2.9,曇後一時晴
2017/12/25,8.1,晴
2017/12/26,9.0,晴
2017/12/27,9.0,晴
2017/12/28,9.0,快晴
2017/12/29,8.6,晴
2017/12/30,8.9,快晴
2017/12/31,0.4,曇一時雪
2018/1/1,8.4,晴
2018/1/2,8.9,快晴
2018/1/3,8.9,快晴
2018/1/4,8.8,快晴
2018/1/5,0.1,曇一時雨
2018/1/6,8.5,晴
2018/1/7,8.5,晴一時薄曇
2018/1/8,0.4,曇時々雨、みぞれを伴う
2018/1/9,5.6,曇後晴
2018/1/10,9.0,快晴
2018/1/11,9.1,晴
2018/1/12,8.7,晴
2018/1/13,9.1,快晴
2018/1/14,9.3,快晴
2018/1/15,8.6,晴時々薄曇
2018/1/16,8.9,晴時々薄曇
2018/1/17,0.0,曇後雨
2018/1/18,5.7,晴後曇
2018/1/19,3.9,晴後曇
2018/1/20,2.4,曇後晴
2018/1/21,9.2,晴
2018/1/22,0.0,大雪一時曇
2018/1/23,9.2,快晴
2018/1/24,8.0,晴
2018/1/25,9.6,快晴
2018/1/26,8.3,晴一時曇
2018/1/27,9.5,快晴
2018/1/28,1.9,曇時々晴一時雪
2018/1/29,6.4,晴後一時曇
2018/1/30,3.7,晴時々曇
2018/1/31,7.5,晴後薄曇
2018/2/1,1.9,薄曇後雨
2018/2/2,0.0,雪後みぞれ時々曇
2018/2/3,4.2,薄曇時々晴
2018/2/4,5.0,晴時々曇、みぞれを伴う
2018/2/5,7.0,晴
2018/2/6,8.9,晴後一時曇
2018/2/7,9.2,快晴
2018/2/8,8.8,晴
2018/2/9,9.5,晴
2018/2/10,5.8,薄曇時々晴
2018/2/11,2.9,曇一時晴
2018/2/12,9.3,晴
2018/2/13,6.9,晴後一時曇
2018/2/14,9.7,晴
2018/2/15,8.2,薄曇時々晴
2018/2/16,6.1,曇一時晴
2018/2/17,7.3,晴一時雨
2018/2/18,9.9,晴
2018/2/19,7.0,晴時々薄曇
2018/2/20,9.7,晴
2018/2/21,0.2,曇
2018/2/22,0.0,みぞれ一時雪、あられを伴う
2018/2/23,2.0,みぞれ一時曇後晴
2018/2/24,9.1,晴
2018/2/25,0.0,曇
2018/2/26,5.8,曇後晴
2018/2/27,7.2,晴一時曇
2018/2/28,5.7,薄曇
2018/3/1,7.7,曇一時雨後晴、雷を伴う
2018/3/2,10.9,晴
2018/3/3,9.1,晴後時々薄曇
2018/3/4,10.4,快晴
2018/3/5,0.4,曇時々雨
2018/3/6,7.0,曇後晴
2018/3/7,0.7,曇
2018/3/8,0.0,雨
2018/3/9,0.0,雨時々曇
2018/3/10,3.8,曇後晴
2018/3/11,4.4,曇一時雨後晴
2018/3/12,11.3,快晴
2018/3/13,10.9,快晴
2018/3/14,10.8,快晴
2018/3/15,7.6,薄曇後一時晴
2018/3/16,0.0,雨一時曇
2018/3/17,11.4,快晴
2018/3/18,4.1,曇一時晴
2018/3/19,0.2,曇
2018/3/20,0.0,雨後時々曇
2018/3/21,0.0,雨後みぞれ
2018/3/22,1.8,曇時々雨後一時晴
2018/3/23,3.6,曇時々晴
2018/3/24,7.1,薄曇時々晴
2018/3/25,11.6,快晴
2018/3/26,11.5,薄曇一時晴
2018/3/27,8.1,薄曇一時晴
2018/3/28,10.9,快晴
2018/3/29,10.9,快晴
2018/3/30,10.8,晴
2018/3/31,11.0,快晴
2018/4/1,9.6,晴後薄曇
2018/4/2,9.5,晴後時々薄曇
2018/4/3,8.1,晴時々薄曇
2018/4/4,10.8,晴後一時薄曇
2018/4/5,0.4,曇
2018/4/6,3.0,曇一時雨
2018/4/7,3.8,曇一時晴
2018/4/8,7.3,晴
2018/4/9,11.2,晴一時薄曇
2018/4/10,11.1,晴
2018/4/11,5.3,曇時々晴一時雨
2018/4/12,8.4,薄曇一時晴
2018/4/13,11.8,晴
2018/4/14,0.8,曇後一時雨
2018/4/15,0.0,曇一時雨
2018/4/16,4.9,曇時々晴
2018/4/17,0.0,曇一時雨
2018/4/18,2.4,雨一時晴
2018/4/19,9.0,晴一時曇
2018/4/20,12.0,快晴
2018/4/21,12.2,快晴
2018/4/22,12.1,晴一時薄曇
2018/4/23,0.0,曇
2018/4/24,0.0,曇後雨
2018/4/25,1.9,大雨後薄曇一時晴
2018/4/26,9.9,晴後薄曇
2018/4/27,2.7,曇
2018/4/28,12.3,快晴
2018/4/29,12.1,快晴
2018/4/30,9.2,晴時々薄曇
2018/5/1,12.1,晴後薄曇
2018/5/2,2.9,曇後一時雨
2018/5/3,1.9,曇一時雨
2018/5/4,9.7,晴
2018/5/5,12.4,快晴
2018/5/6,10.1,薄曇時々晴
2018/5/7,0.1,曇後雨
2018/5/8,0.0,曇後一時雨
2018/5/9,0.0,雨後曇
2018/5/10,3.2,曇時々雨後晴、雷を伴う
2018/5/11,11.9,晴時々薄曇
2018/5/12,9.7,薄曇時々晴
2018/5/13,0.0,曇後雨
2018/5/14,10.9,晴一時曇
2018/5/15,12.6,快晴
2018/5/16,11.3,薄曇時々晴
2018/5/17,5.8,曇
2018/5/18,9.7,晴時々曇
2018/5/19,2.3,曇時々晴
2018/5/20,11.0,晴
2018/5/21,11.0,薄曇
2018/5/22,13.4,快晴
2018/5/23,1.3,曇後雨
2018/5/24,7.8,晴時々曇
2018/5/25,8.3,薄曇一時晴
2018/5/26,2.7,薄曇
2018/5/27,11.2,晴一時薄曇
2018/5/28,0.7,曇
2018/5/29,3.6,曇
2018/5/30,0.1,曇後雨
2018/5/31,1.6,曇後時々雨
2018/6/1,9.1,晴
2018/6/2,9.9,晴
2018/6/3,9.8,晴
2018/6/4,13.2,晴
2018/6/5,6.0,曇一時晴
2018/6/6,0.0,雨
2018/6/7,8.5,曇後晴
2018/6/8,7.3,曇時々晴
2018/6/9,8.4,薄曇一時晴
2018/6/10,0.0,雨一時曇
2018/6/11,0.0,雨
2018/6/12,1.1,曇
2018/6/13,5.0,曇一時晴
2018/6/14,1.3,曇
2018/6/15,0.0,雨一時曇
2018/6/16,0.1,曇一時雨
2018/6/17,0.4,曇
2018/6/18,0.0,曇時々雨
2018/6/19,7.7,曇時々晴
2018/6/20,0.0,雨
2018/6/21,0.0,曇
2018/6/22,10.8,薄曇一時晴
2018/6/23,0.0,曇後雨
2018/6/24,4.1,雨後薄曇一時晴
2018/6/25,12.9,快晴
2018/6/26,9.2,晴後薄曇
2018/6/27,7.6,曇後晴
2018/6/28,4.8,曇一時雨
2018/6/29,12.8,晴
2018/6/30,13.1,晴後薄曇
2018/7/1,13.1,晴
2018/7/2,13.6,快晴
2018/7/3,11.4,薄曇
2018/7/4,2.6,曇一時雨
2018/7/5,0.1,雨後一時曇
2018/7/6,0.0,雨後時々曇
2018/7/7,3.1,曇
2018/7/8,6.8,薄曇
2018/7/9,5.1,晴時々曇一時雨
2018/7/10,10.5,晴時々薄曇
2018/7/11,5.5,薄曇
2018/7/12,3.9,曇一時雨後一時晴
2018/7/13,8.7,薄曇
2018/7/14,8.9,晴時々薄曇
2018/7/15,11.1,晴
2018/7/16,11.1,薄曇
2018/7/17,10.2,薄曇後一時晴
2018/7/18,11.2,晴
2018/7/19,11.2,晴後薄曇
2018/7/20,12.5,晴
2018/7/21,12.6,晴後薄曇
2018/7/22,9.9,薄曇時々晴
2018/7/23,10.0,薄曇後一時晴
2018/7/24,7.9,晴一時曇
2018/7/25,3.3,曇
2018/7/26,3.1,曇時々晴
2018/7/27,2.9,晴後曇
2018/7/28,0.2,大雨一時曇
2018/7/29,5.9,晴時々曇
2018/7/30,2.6,曇一時晴
2018/7/31,8.2,晴一時曇
2018/8/1,12.5,晴
2018/8/2,8.3,晴後薄曇
2018/8/3,6.4,晴
2018/8/4,11.1,晴一時薄曇
2018/8/5,9.9,晴
2018/8/6,5.2,曇時々晴
2018/8/7,0.0,雨一時曇
2018/8/8,0.0,雨
2018/8/9,1.9,曇一時晴
2018/8/10,10.7,晴一時薄曇
2018/8/11,5.4,曇時々晴一時雨、雷を伴う
2018/8/12,0.4,曇
2018/8/13,4.6,晴一時雨、雷を伴う
2018/8/14,10.8,薄曇時々晴
2018/8/15,11.8,薄曇
2018/8/16,6.3,薄曇
2018/8/17,10.5,晴
2018/8/18,11.5,薄曇一時晴
2018/8/19,9.1,薄曇一時晴
2018/8/20,0.3,曇一時雨
2018/8/21,8.3,曇後晴
2018/8/22,11.8,晴
2018/8/23,5.9,晴後曇
2018/8/24,2.9,雨後曇
2018/8/25,11.6,晴
2018/8/26,12.2,晴
2018/8/27,9.8,晴後一時曇
2018/8/28,1.9,曇
2018/8/29,0.6,曇
2018/8/30,6.1,晴後薄曇
2018/8/31,9.6,薄曇時々晴一時雨、雷を伴う
2018/9/1,0.9,曇一時雨
2018/9/2,0.0,雨後曇
2018/9/3,1.4,雨後曇一時晴
2018/9/4,0.0,曇時々雨
2018/9/5,9.1,晴一時曇
2018/9/6,6.2,曇一時晴
2018/9/7,1.4,曇一時雨
2018/9/8,10.3,晴一時薄曇
2018/9/9,8.1,晴一時曇
2018/9/10,3.5,曇時々雨
2018/9/11,0.3,曇
2018/9/12,3.3,曇
2018/9/13,4.3,曇一時晴
2018/9/14,0.2,曇一時雨
2018/9/15,0.0,雨一時曇
2018/9/16,4.1,曇後晴
2018/9/17,6.8,曇一時晴後一時雨
2018/9/18,6.8,晴時々曇
2018/9/19,8.0,晴
2018/9/20,0.0,雨時々曇
2018/9/21,0.0,雨
2018/9/22,3.1,曇一時雨
2018/9/23,5.0,曇一時晴
2018/9/24,2.3,曇一時雨
2018/9/25,0.0,雨時々曇
2018/9/26,0.0,曇時々雨
2018/9/27,0.0,雨時々曇
2018/9/28,11.4,快晴
2018/9/29,0.0,雨一時曇
2018/9/30,0.2,雨時々曇
2018/10/1,10.7,晴一時薄曇
2018/10/2,10.7,晴
2018/10/3,0.7,曇
2018/10/4,0.0,曇時々雨
2018/10/5,0.0,雨
2018/10/6,7.3,晴一時曇
2018/10/7,10.7,晴
2018/10/8,0.0,曇後一時晴
2018/10/9,5.7,晴一時曇
2018/10/10,5.9,薄曇時々晴
2018/10/11,0.0,曇
2018/10/12,0.3,曇一時雨
2018/10/13,0.0,曇
2018/10/14,1.0,曇一時雨
2018/10/15,0.5,曇後一時雨
2018/10/16,2.1,薄曇
2018/10/17,4.2,曇時々晴
2018/10/18,3.8,晴時々曇
2018/10/19,0.6,曇時々雨
2018/10/20,6.4,晴一時曇後一時雨、雷を伴う
2018/10/21,10.1,快晴
2018/10/22,9.6,晴
2018/10/23,0.4,曇時々雨
2018/10/24,5.8,曇後晴
2018/10/25,9.4,晴
2018/10/26,2.6,曇時々晴
2018/10/27,3.7,曇一時雨後晴
2018/10/28,3.0,曇後晴
2018/10/29,9.7,快晴
2018/10/30,8.6,晴
2018/10/31,5.5,薄曇時々晴
2018/11/1,8.9,晴
2018/11/2,9.6,快晴
2018/11/3,7.3,晴後一時曇
2018/11/4,0.0,曇後雨
2018/11/5,2.6,曇時々晴一時雨
2018/11/6,0.2,曇後大雨
2018/11/7,4.7,晴一時曇
2018/11/8,5.7,晴後一時曇
2018/11/9,0.0,雨時々曇
2018/11/10,7.2,晴後一時曇
2018/11/11,6.8,晴
2018/11/12,0.5,曇一時雨
2018/11/13,0.0,曇
2018/11/14,8.2,晴
2018/11/15,9.4,快晴
2018/11/16,6.0,晴後曇
2018/11/17,8.9,晴時々薄曇
2018/11/18,3.9,曇
2018/11/19,0.3,曇後一時雨
2018/11/20,3.8,晴時々曇
2018/11/21,8.5,晴一時薄曇
2018/11/22,0.3,曇後一時晴
2018/11/23,7.6,晴
2018/11/24,1.4,曇後一時晴
2018/11/25,8.0,晴後薄曇
2018/11/26,6.2,薄曇一時晴
2018/11/27,5.1,曇後晴
2018/11/28,7.9,晴後曇
2018/11/29,3.1,曇一時晴
2018/11/30,8.9,晴後一時曇
2018/12/1,8.4,晴一時薄曇
2018/12/2,0.0,曇
2018/12/3,1.9,曇
2018/12/4,6.0,曇後晴
2018/12/5,1.0,曇一時晴
2018/12/6,0.0,雨後曇
2018/12/7,1.3,曇
2018/12/8,3.8,曇後晴
2018/12/9,2.3,薄曇後晴
2018/12/10,1.5,曇後晴
2018/12/11,0.8,曇一時雨
2018/12/12,0.7,雨後曇
2018/12/13,0.4,曇時々雨
2018/12/14,7.6,晴
2018/12/15,8.9,快晴
2018/12/16,1.7,曇一時晴後一時雨
2018/12/17,4.6,雨一時曇後晴
2018/12/18,8.5,晴
2018/12/19,8.6,晴
2018/12/20,6.4,薄曇時々晴
2018/12/21,8.2,晴
2018/12/22,0.3,晴一時曇後雨
2018/12/23,0.3,曇時々雨一時晴
2018/12/24,8.2,晴
2018/12/25,7.9,薄曇時々晴
2018/12/26,4.2,薄曇後一時晴
2018/12/27,8.0,薄曇後晴
2018/12/28,8.9,晴
2018/12/29,7.4,晴
2018/12/30,8.8,快晴
2018/12/31,8.7,晴一時薄曇
2019/1/1,8.9,晴
2019/1/2,8.7,快晴
2019/1/3,8.9,快晴
2019/1/4,8.9,快晴
2019/1/5,8.9,快晴
2019/1/6,2.7,晴後曇
2019/1/7,8.8,快晴
2019/1/8,8.5,晴一時薄曇
2019/1/9,9.0,快晴
2019/1/10,1.8,曇時々晴
2019/1/11,8.8,晴
2019/1/12,0.0,曇一時雪
2019/1/13,6.6,晴一時曇
2019/1/14,9.1,快晴
2019/1/15,2.9,曇時々晴後一時雨
2019/1/16,6.8,晴後曇
2019/1/17,8.8,晴
2019/1/18,9.2,快晴
2019/1/19,9.0,晴
2019/1/20,8.1,晴一時曇
2019/1/21,9.2,快晴
2019/1/22,8.7,晴
2019/1/23,9.0,晴
2019/1/24,9.2,快晴
2019/1/25,3.5,晴後曇
2019/1/26,6.1,晴後一時曇
2019/1/27,9.4,快晴
2019/1/28,5.0,曇後晴
2019/1/29,9.3,快晴
2019/1/30,8.4,晴一時薄曇
2019/1/31,0.0,曇後一時雨
2019/2/1,9.4,快晴
2019/2/2,9.5,快晴
2019/2/3,8.5,晴
2019/2/4,8.9,晴
2019/2/5,0.0,曇
2019/2/6,0.5,雨後一時晴
2019/2/7,6.6,薄曇一時晴
2019/2/8,3.5,晴後曇
2019/2/9,0.0,雪後一時曇
2019/2/10,8.7,晴後薄曇
2019/2/11,0.0,雪後曇
2019/2/12,4.9,晴後曇
2019/2/13,1.1,曇後一時晴
2019/2/14,7.4,薄曇時々晴
2019/2/15,0.0,曇一時雪後一時晴
2019/2/16,6.0,曇時々晴
2019/2/17,6.4,晴一時曇
2019/2/18,9.9,晴
2019/2/19,0.0,曇時々雨
2019/2/20,6.5,晴一時曇
2019/2/21,7.0,晴時々曇
2019/2/22,7.9,薄曇一時晴
2019/2/23,8.2,晴一時曇
2019/2/24,9.3,薄曇時々晴
2019/2/25,4.1,曇後一時晴
2019/2/26,2.4,曇一時雨後晴
2019/2/27,1.3,曇一時晴
2019/2/28,0.0,雨
2019/3/1,2.4,曇時々雨後晴
2019/3/2,9.6,晴
2019/3/3,0.0,雨一時曇
2019/3/4,0.0,雨
2019/3/5,9.1,晴
2019/3/6,0.0,曇
2019/3/7,0.0,雨
2019/3/8,11.3,快晴
2019/3/9,11.3,晴後一時薄曇
2019/3/10,3.5,薄曇一時晴
2019/3/11,4.3,曇一時雨後晴
2019/3/12,8.5,晴
2019/3/13,9.1,晴
2019/3/14,8.8,晴
2019/3/15,9.8,晴後一時薄曇
2019/3/16,2.8,曇後一時晴
2019/3/17,9.1,晴後曇
2019/3/18,10.9,晴後一時薄曇
2019/3/19,8.2,曇
2019/3/20,10.9,晴後一時薄曇
2019/3/21,6.0,曇時々雨後晴
2019/3/22,5.5,曇一時晴
2019/3/23,0.0,曇時々雨
2019/3/24,10.7,晴
2019/3/25,7.3,薄曇時々晴
2019/3/26,3.8,曇一時雨後晴
2019/3/27,10.8,晴
2019/3/28,1.4,曇一時雨
2019/3/29,0.0,曇
2019/3/30,0.0,曇
2019/3/31,2.2,曇後晴
2019/4/1,6.2,晴後曇
2019/4/2,7.2,晴後曇
2019/4/3,12.0,快晴
2019/4/4,11.7,快晴
2019/4/5,11.6,薄曇後晴
2019/4/6,10.4,晴
2019/4/7,8.5,晴一時曇
2019/4/8,0.5,雨時々曇
2019/4/9,11.9,快晴
2019/4/10,0.0,雨
2019/4/11,8.8,晴後曇
2019/4/12,1.5,曇
2019/4/13,11.7,晴後一時薄曇
2019/4/14,3.5,曇
2019/4/15,9.5,晴一時曇
2019/4/16,12.2,晴
2019/4/17,0.3,薄曇
2019/4/18,8.7,晴後一時薄曇
2019/4/19,9.2,薄曇
2019/4/20,11.3,晴
2019/4/21,7.9,晴時々曇
2019/4/22,8.9,曇後晴
2019/4/23,7.3,薄曇
2019/4/24,0.0,曇時々雨
2019/4/25,2.3,曇時々雨後一時晴
2019/4/26,0.0,雨後曇
2019/4/27,0.3,曇後一時雨
2019/4/28,9.0,薄曇一時晴
2019/4/29,2.0,曇
2019/4/30,0.0,雨一時曇
2019/5/1,2.3,曇後雨
2019/5/2,6.3,雨時々曇後晴
2019/5/3,10.4,薄曇
2019/5/4,5.3,晴一時曇、雷を伴う
2019/5/5,12.5,薄曇時々晴
2019/5/6,1.2,曇
2019/5/7,4.8,晴時々曇後一時雨
2019/5/8,12.5,快晴
2019/5/9,3.0,曇
2019/5/10,10.2,晴後薄曇
2019/5/11,10.7,晴一時薄曇
2019/5/12,6.6,薄曇
2019/5/13,3.9,曇時々晴
2019/5/14,0.0,雨時々曇
2019/5/15,7.4,晴時々曇
2019/5/16,8.5,晴一時曇
2019/5/17,11.3,晴
2019/5/18,8.0,薄曇一時晴
2019/5/19,7.0,晴時々曇
2019/5/20,5.5,曇時々晴
2019/5/21,0.0,大雨
2019/5/22,11.1,薄曇時々晴
2019/5/23,12.2,晴
2019/5/24,13.1,快晴
2019/5/25,13.4,快晴
2019/5/26,12.6,薄曇時々晴
2019/5/27,12.6,晴時々薄曇
2019/5/28,1.2,曇後一時雨
2019/5/29,2.9,曇一時雨
2019/5/30,12.2,晴後一時薄曇
2019/5/31,0.7,曇
2019/6/1,3.8,曇
2019/6/2,0.3,曇
2019/6/3,5.6,曇一時雨後晴
2019/6/4,7.9,薄曇
2019/6/5,2.4,曇後一時晴
2019/6/6,11.0,晴時々薄曇
2019/6/7,0.0,雨一時曇
2019/6/8,1.7,曇
2019/6/9,0.0,曇時々雨
2019/6/10,0.0,大雨
2019/6/11,1.9,曇一時晴
2019/6/12,0.3,曇
2019/6/13,13.6,晴
2019/6/14,8.5,曇
2019/6/15,0.0,大雨
2019/6/16,9.9,晴
2019/6/17,11.6,晴後薄曇
2019/6/18,7.6,晴後薄曇
2019/6/19,9.7,晴一時曇
2019/6/20,4.5,曇後晴
2019/6/21,5.1,曇
2019/6/22,0.5,雨一時曇
2019/6/23,0.0,曇
2019/6/24,0.8,雨後一時曇
2019/6/25,7.5,曇後晴
2019/6/26,11.8,晴後時々薄曇
2019/6/27,2.6,曇後一時雨
2019/6/28,0.9,曇
2019/6/29,0.0,雨後曇
2019/6/30,0.0,雨時々曇
2019/7/1,0.0,雨時々曇
2019/7/2,0.7,曇一時雨
2019/7/3,1.8,曇
2019/7/4,0.1,雨後一時曇
2019/7/5,0.4,曇
2019/7/6,0.0,曇一時雨
2019/7/7,0.0,雨
2019/7/8,1.4,曇
2019/7/9,0.0,曇
2019/7/10,0.8,曇後一時晴
2019/7/11,0.0,曇後雨
2019/7/12,0.0,雨後一時曇
2019/7/13,0.2,曇一時雨
2019/7/14,0.0,雨一時曇
2019/7/15,0.2,雨後曇
2019/7/16,0.0,雨後一時曇
2019/7/17,4.4,曇後晴
2019/7/18,0.6,曇
2019/7/19,3.8,曇一時雨
2019/7/20,0.0,曇時々雨
2019/7/21,0.0,曇一時雨
2019/7/22,0.0,曇一時雨
2019/7/23,1.1,曇時々雨
2019/7/24,5.2,曇一時雨後晴
2019/7/25,7.2,晴一時雨
2019/7/26,11.3,晴
2019/7/27,4.8,晴一時曇
2019/7/28,5.6,晴時々曇一時雨
2019/7/29,9.2,晴一時曇
2019/7/30,10.5,晴後一時薄曇
2019/7/31,11.8,晴後薄曇
2019/8/1,9.2,晴
2019/8/2,10.1,晴
2019/8/3,12.2,晴
2019/8/4,11.5,晴
2019/8/5,11.1,晴
2019/8/6,10.5,晴後薄曇
2019/8/7,9.5,薄曇時々晴
2019/8/8,9.1,晴
2019/8/9,10.8,晴後一時薄曇
2019/8/10,9.4,晴一時曇
2019/8/11,8.8,晴一時薄曇
2019/8/12,6.6,薄曇一時雨
2019/8/13,3.6,曇時々晴一時雨、雷を伴う
2019/8/14,3.8,曇時々晴一時雨
2019/8/15,2.9,曇一時晴後一時雨
2019/8/16,3.0,曇一時雨
2019/8/17,11.2,晴
2019/8/18,8.0,晴後一時曇
2019/8/19,1.4,曇時々雨後一時晴
2019/8/20,0.6,曇時々雨、雷を伴う
2019/8/21,2.8,曇一時晴
2019/8/22,0.5,曇一時雨
2019/8/23,0.2,雨時々曇
2019/8/24,7.0,曇後一時晴
2019/8/25,9.3,晴
2019/8/26,2.1,曇時々晴
2019/8/27,2.0,曇一時雨
2019/8/28,0.0,雨
2019/8/29,6.9,晴時々曇
2019/8/30,0.0,8
